asset_id,asset_name,asset_label,year,month,ts,estadoOn,timeOn
b0494190-a1dd-11ef-b067-1b5a3182c1f7,La Aurora - Bomba Chilcas 1,ASSET_001,2025,12,1970-01-01 00:29:24.558000,,3586200
b0494190-a1dd-11ef-b067-1b5a3182c1f7,La Aurora - Bomba Chilcas 1,ASSET_001,2025,12,1970-01-01 00:29:24.558060,,3586200
b0494190-a1dd-11ef-b067-1b5a3182c1f7,La Aurora - Bomba Chilcas 1,ASSET_001,2025,12,1970-01-01 00:29:24.558120,,3586200
b0494190-a1dd-11ef-b067-1b5a3182c1f7,La Aurora - Bomba Chilcas 1,ASSET_001,2025,12,1970-01-01 00:29:24.558240,,3586200
b0494190-a1dd-11ef-b067-1b5a3182c1f7,La Aurora - Bomba Chilcas 1,ASSET_001,2025,12,1970-01-01 00:29:24.558300,,3586200
b0494190-a1dd-11ef-b067-1b5a3182c1f7,La Aurora - Bomba Chilcas 1,ASSET_001,2025,12,1970-01-01 00:29:24.558360,,3586200
b0494190-a1dd-11ef-b067-1b5a3182c1f7,La Aurora - Bomba Chilcas 1,ASSET_001,2025,12,1970-01-01 00:29:24.558420,,3586200
b0494190-a1dd-11ef-b067-1b5a3182c1f7,La Aurora - Bomba Chilcas 1,ASSET_001,2025,12,1970-01-01 00:29:24.558480,,3586200
b0494190-a1dd-11ef-b067-1b5a3182c1f7,La Aurora - Bomba Chilcas 1,ASSET_001,2025,12,1970-01-01 00:29:24.558540,,3586200
b0494190-a1dd-11ef-b067-1b5a3182c1f7,La Aurora - Bomba Chilcas 1,ASSET_001,2025,12,1970-01-01 00:29:24.558600,,3586200
b0494190-a1dd-11ef-b067-1b5a3182c1f7,La Aurora - Bomba Chilcas 1,ASSET_001,2025,12,1970-01-01 00:29:24.558660,,3586200
b0494190-a1dd-11ef-b067-1b5a3182c1f7,La Aurora - Bomba Chilcas 1,ASSET_001,2025,12,1970-01-01 00:29:24.558720,,3586200
b0494190-a1dd-11ef-b067-1b5a3182c1f7,La Aurora - Bomba Chilcas 1,ASSET_001,2025,12,1970-01-01 00:29:24.558780,,3586200
b0494190-a1dd-11ef-b067-1b5a3182c1f7,La Aurora - Bomba Chilcas 1,ASSET_001,2025,12,1970-01-01 00:29:24.558840,,3586200
b0494190-a1dd-11ef-b067-1b5a3182c1f7,La Aurora - Bomba Chilcas 1,ASSET_001,2025,12,1970-01-01 00:29:24.558900,,3586200
b0494190-a1dd-11ef-b067-1b5a3182c1f7,La Aurora - Bomba Chilcas 1,ASSET_001,2025,12,1970-01-01 00:29:24.558960,,3586200
b0494190-a1dd-11ef-b067-1b5a3182c1f7,La Aurora - Bomba Chilcas 1,ASSET_001,2025,12,1970-01-01 00:29:24.559020,,3586200
b0494190-a1dd-11ef-b067-1b5a3182c1f7,La Aurora - Bomba Chilcas 1,ASSET_001,2025,12,1970-01-01 00:29:24.559080,,3586200
b0494190-a1dd-11ef-b067-1b5a3182c1f7,La Aurora - Bomba Chilcas 1,ASSET_001,2025,12,1970-01-01 00:29:24.559140,,3586200
b0494190-a1dd-11ef-b067-1b5a3182c1f7,La Aurora - Bomba Chilcas 1,ASSET_001,2025,12,1970-01-01 00:29:24.559200,,3586200
b0494190-a1dd-11ef-b067-1b5a3182c1f7,La Aurora - Bomba Chilcas 1,ASSET_001,2025,12,1970-01-01 00:29:24.559260,,3586200
b0494190-a1dd-11ef-b067-1b5a3182c1f7,La Aurora - Bomba Chilcas 1,ASSET_001,2025,12,1970-01-01 00:29:24.559320,,3586200
b0494190-a1dd-11ef-b067-1b5a3182c1f7,La Aurora - Bomba Chilcas 1,ASSET_001,2025,12,1970-01-01 00:29:24.559380,,3586200
b0494190-a1dd-11ef-b067-1b5a3182c1f7,La Aurora - Bomba Chilcas 1,ASSET_001,2025,12,1970-01-01 00:29:24.559440,,3586200
b0494190-a1dd-11ef-b067-1b5a3182c1f7,La Aurora - Bomba Chilcas 1,ASSET_001,2025,12,1970-01-01 00:29:24.559500,,3586200
b0494190-a1dd-11ef-b067-1b5a3182c1f7,La Aurora - Bomba Chilcas 1,ASSET_001,2025,12,1970-01-01 00:29:24.559560,,3586200
b0494190-a1dd-11ef-b067-1b5a3182c1f7,La Aurora - Bomba Chilcas 1,ASSET_001,2025,12,1970-01-01 00:29:24.559620,,3586200
b0494190-a1dd-11ef-b067-1b5a3182c1f7,La Aurora - Bomba Chilcas 1,ASSET_001,2025,12,1970-01-01 00:29:24.559680,,3586200
b0494190-a1dd-11ef-b067-1b5a3182c1f7,La Aurora - Bomba Chilcas 1,ASSET_001,2025,12,1970-01-01 00:29:24.559740,,3586200
b0494190-a1dd-11ef-b067-1b5a3182c1f7,La Aurora - Bomba Chilcas 1,ASSET_001,2025,12,1970-01-01 00:29:24.559800,,3586200
b0494190-a1dd-11ef-b067-1b5a3182c1f7,La Aurora - Bomba Chilcas 1,ASSET_001,2025,12,1970-01-01 00:29:24.559860,,3586200
b0494190-a1dd-11ef-b067-1b5a3182c1f7,La Aurora - Bomba Chilcas 1,ASSET_001,2025,12,1970-01-01 00:29:24.559920,,3586200
b0494190-a1dd-11ef-b067-1b5a3182c1f7,La Aurora - Bomba Chilcas 1,ASSET_001,2025,12,1970-01-01 00:29:24.559980,,3586200
b0494190-a1dd-11ef-b067-1b5a3182c1f7,La Aurora - Bomba Chilcas 1,ASSET_001,2025,12,1970-01-01 00:29:24.560040,,3586200
b0494190-a1dd-11ef-b067-1b5a3182c1f7,La Aurora - Bomba Chilcas 1,ASSET_001,2025,12,1970-01-01 00:29:24.560100,,3586200
b0494190-a1dd-11ef-b067-1b5a3182c1f7,La Aurora - Bomba Chilcas 1,ASSET_001,2025,12,1970-01-01 00:29:24.560160,,3586200
b0494190-a1dd-11ef-b067-1b5a3182c1f7,La Aurora - Bomba Chilcas 1,ASSET_001,2025,12,1970-01-01 00:29:24.560220,,3586200
b0494190-a1dd-11ef-b067-1b5a3182c1f7,La Aurora - Bomba Chilcas 1,ASSET_001,2025,12,1970-01-01 00:29:24.560280,,3586200
b0494190-a1dd-11ef-b067-1b5a3182c1f7,La Aurora - Bomba Chilcas 1,ASSET_001,2025,12,1970-01-01 00:29:24.560340,,3586200
b0494190-a1dd-11ef-b067-1b5a3182c1f7,La Aurora - Bomba Chilcas 1,ASSET_001,2025,12,1970-01-01 00:29:24.560400,,3586200
b0494190-a1dd-11ef-b067-1b5a3182c1f7,La Aurora - Bomba Chilcas 1,ASSET_001,2025,12,1970-01-01 00:29:24.560460,,3586200
b0494190-a1dd-11ef-b067-1b5a3182c1f7,La Aurora - Bomba Chilcas 1,ASSET_001,2025,12,1970-01-01 00:29:24.560520,,3586200
b0494190-a1dd-11ef-b067-1b5a3182c1f7,La Aurora - Bomba Chilcas 1,ASSET_001,2025,12,1970-01-01 00:29:24.560580,,3586200
b0494190-a1dd-11ef-b067-1b5a3182c1f7,La Aurora - Bomba Chilcas 1,ASSET_001,2025,12,1970-01-01 00:29:24.560640,,3586200
b0494190-a1dd-11ef-b067-1b5a3182c1f7,La Aurora - Bomba Chilcas 1,ASSET_001,2025,12,1970-01-01 00:29:24.560700,,3586200
b0494190-a1dd-11ef-b067-1b5a3182c1f7,La Aurora - Bomba Chilcas 1,ASSET_001,2025,12,1970-01-01 00:29:24.560760,,3586200
b0494190-a1dd-11ef-b067-1b5a3182c1f7,La Aurora - Bomba Chilcas 1,ASSET_001,2025,12,1970-01-01 00:29:24.560820,,3586200
b0494190-a1dd-11ef-b067-1b5a3182c1f7,La Aurora - Bomba Chilcas 1,ASSET_001,2025,12,1970-01-01 00:29:24.560880,,3586200
b0494190-a1dd-11ef-b067-1b5a3182c1f7,La Aurora - Bomba Chilcas 1,ASSET_001,2025,12,1970-01-01 00:29:24.560940,,3586200
b0494190-a1dd-11ef-b067-1b5a3182c1f7,La Aurora - Bomba Chilcas 1,ASSET_001,2025,12,1970-01-01 00:29:24.561000,,3586200
b0494190-a1dd-11ef-b067-1b5a3182c1f7,La Aurora - Bomba Chilcas 1,ASSET_001,2025,12,1970-01-01 00:29:24.561060,,3586200
b0494190-a1dd-11ef-b067-1b5a3182c1f7,La Aurora - Bomba Chilcas 1,ASSET_001,2025,12,1970-01-01 00:29:24.561120,,3586200
b0494190-a1dd-11ef-b067-1b5a3182c1f7,La Aurora - Bomba Chilcas 1,ASSET_001,2025,12,1970-01-01 00:29:24.561180,,3586200
b0494190-a1dd-11ef-b067-1b5a3182c1f7,La Aurora - Bomba Chilcas 1,ASSET_001,2025,12,1970-01-01 00:29:24.561240,,3586200
b0494190-a1dd-11ef-b067-1b5a3182c1f7,La Aurora - Bomba Chilcas 1,ASSET_001,2025,12,1970-01-01 00:29:24.561300,,3586200
b0494190-a1dd-11ef-b067-1b5a3182c1f7,La Aurora - Bomba Chilcas 1,ASSET_001,2025,12,1970-01-01 00:29:24.561360,,3586200
b0494190-a1dd-11ef-b067-1b5a3182c1f7,La Aurora - Bomba Chilcas 1,ASSET_001,2025,12,1970-01-01 00:29:24.561420,,3586200
b0494190-a1dd-11ef-b067-1b5a3182c1f7,La Aurora - Bomba Chilcas 1,ASSET_001,2025,12,1970-01-01 00:29:24.561480,,3586200
b0494190-a1dd-11ef-b067-1b5a3182c1f7,La Aurora - Bomba Chilcas 1,ASSET_001,2025,12,1970-01-01 00:29:24.561540,,3586200
b0494190-a1dd-11ef-b067-1b5a3182c1f7,La Aurora - Bomba Chilcas 1,ASSET_001,2025,12,1970-01-01 00:29:24.561600,,3586200
b0494190-a1dd-11ef-b067-1b5a3182c1f7,La Aurora - Bomba Chilcas 1,ASSET_001,2025,12,1970-01-01 00:29:24.561660,,3586200
b0494190-a1dd-11ef-b067-1b5a3182c1f7,La Aurora - Bomba Chilcas 1,ASSET_001,2025,12,1970-01-01 00:29:24.561720,,3586200
b0494190-a1dd-11ef-b067-1b5a3182c1f7,La Aurora - Bomba Chilcas 1,ASSET_001,2025,12,1970-01-01 00:29:24.561780,,3586200
b0494190-a1dd-11ef-b067-1b5a3182c1f7,La Aurora - Bomba Chilcas 1,ASSET_001,2025,12,1970-01-01 00:29:24.561840,,3586200
b0494190-a1dd-11ef-b067-1b5a3182c1f7,La Aurora - Bomba Chilcas 1,ASSET_001,2025,12,1970-01-01 00:29:24.561900,,3586200
b0494190-a1dd-11ef-b067-1b5a3182c1f7,La Aurora - Bomba Chilcas 1,ASSET_001,2025,12,1970-01-01 00:29:24.561960,,3586200
b0494190-a1dd-11ef-b067-1b5a3182c1f7,La Aurora - Bomba Chilcas 1,ASSET_001,2025,12,1970-01-01 00:29:24.562020,,3586200
b0494190-a1dd-11ef-b067-1b5a3182c1f7,La Aurora - Bomba Chilcas 1,ASSET_001,2025,12,1970-01-01 00:29:24.562080,,3586200
b0494190-a1dd-11ef-b067-1b5a3182c1f7,La Aurora - Bomba Chilcas 1,ASSET_001,2025,12,1970-01-01 00:29:24.562140,1.0,3586260
b0494190-a1dd-11ef-b067-1b5a3182c1f7,La Aurora - Bomba Chilcas 1,ASSET_001,2025,12,1970-01-01 00:29:24.562200,,3586320
b0494190-a1dd-11ef-b067-1b5a3182c1f7,La Aurora - Bomba Chilcas 1,ASSET_001,2025,12,1970-01-01 00:29:24.562260,,3586380
b0494190-a1dd-11ef-b067-1b5a3182c1f7,La Aurora - Bomba Chilcas 1,ASSET_001,2025,12,1970-01-01 00:29:24.562320,,3586440
b0494190-a1dd-11ef-b067-1b5a3182c1f7,La Aurora - Bomba Chilcas 1,ASSET_001,2025,12,1970-01-01 00:29:24.562380,,3586500
b0494190-a1dd-11ef-b067-1b5a3182c1f7,La Aurora - Bomba Chilcas 1,ASSET_001,2025,12,1970-01-01 00:29:24.562440,,3586560
b0494190-a1dd-11ef-b067-1b5a3182c1f7,La Aurora - Bomba Chilcas 1,ASSET_001,2025,12,1970-01-01 00:29:24.562500,,3586620
b0494190-a1dd-11ef-b067-1b5a3182c1f7,La Aurora - Bomba Chilcas 1,ASSET_001,2025,12,1970-01-01 00:29:24.562560,,3586680
b0494190-a1dd-11ef-b067-1b5a3182c1f7,La Aurora - Bomba Chilcas 1,ASSET_001,2025,12,1970-01-01 00:29:24.562620,,3586740
b0494190-a1dd-11ef-b067-1b5a3182c1f7,La Aurora - Bomba Chilcas 1,ASSET_001,2025,12,1970-01-01 00:29:24.562680,,3586800
b0494190-a1dd-11ef-b067-1b5a3182c1f7,La Aurora - Bomba Chilcas 1,ASSET_001,2025,12,1970-01-01 00:29:24.562740,,3586860
b0494190-a1dd-11ef-b067-1b5a3182c1f7,La Aurora - Bomba Chilcas 1,ASSET_001,2025,12,1970-01-01 00:29:24.562800,,3586920
b0494190-a1dd-11ef-b067-1b5a3182c1f7,La Aurora - Bomba Chilcas 1,ASSET_001,2025,12,1970-01-01 00:29:24.562860,,3586980
b0494190-a1dd-11ef-b067-1b5a3182c1f7,La Aurora - Bomba Chilcas 1,ASSET_001,2025,12,1970-01-01 00:29:24.562920,,3587040
b0494190-a1dd-11ef-b067-1b5a3182c1f7,La Aurora - Bomba Chilcas 1,ASSET_001,2025,12,1970-01-01 00:29:24.562980,,3587100
b0494190-a1dd-11ef-b067-1b5a3182c1f7,La Aurora - Bomba Chilcas 1,ASSET_001,2025,12,1970-01-01 00:29:24.563040,,3587160
b0494190-a1dd-11ef-b067-1b5a3182c1f7,La Aurora - Bomba Chilcas 1,ASSET_001,2025,12,1970-01-01 00:29:24.563100,,3587220
b0494190-a1dd-11ef-b067-1b5a3182c1f7,La Aurora - Bomba Chilcas 1,ASSET_001,2025,12,1970-01-01 00:29:24.563160,,3587280
b0494190-a1dd-11ef-b067-1b5a3182c1f7,La Aurora - Bomba Chilcas 1,ASSET_001,2025,12,1970-01-01 00:29:24.563220,,3587340
b0494190-a1dd-11ef-b067-1b5a3182c1f7,La Aurora - Bomba Chilcas 1,ASSET_001,2025,12,1970-01-01 00:29:24.563280,,3587400
b0494190-a1dd-11ef-b067-1b5a3182c1f7,La Aurora - Bomba Chilcas 1,ASSET_001,2025,12,1970-01-01 00:29:24.563340,,3587460
b0494190-a1dd-11ef-b067-1b5a3182c1f7,La Aurora - Bomba Chilcas 1,ASSET_001,2025,12,1970-01-01 00:29:24.563400,,3587520
b0494190-a1dd-11ef-b067-1b5a3182c1f7,La Aurora - Bomba Chilcas 1,ASSET_001,2025,12,1970-01-01 00:29:24.563460,,3587580
b0494190-a1dd-11ef-b067-1b5a3182c1f7,La Aurora - Bomba Chilcas 1,ASSET_001,2025,12,1970-01-01 00:29:24.563520,,3587640
b0494190-a1dd-11ef-b067-1b5a3182c1f7,La Aurora - Bomba Chilcas 1,ASSET_001,2025,12,1970-01-01 00:29:24.563580,,3587700
b0494190-a1dd-11ef-b067-1b5a3182c1f7,La Aurora - Bomba Chilcas 1,ASSET_001,2025,12,1970-01-01 00:29:24.563640,,3587760
b0494190-a1dd-11ef-b067-1b5a3182c1f7,La Aurora - Bomba Chilcas 1,ASSET_001,2025,12,1970-01-01 00:29:24.563700,,3587820
b0494190-a1dd-11ef-b067-1b5a3182c1f7,La Aurora - Bomba Chilcas 1,ASSET_001,2025,12,1970-01-01 00:29:24.563760,,3587880
b0494190-a1dd-11ef-b067-1b5a3182c1f7,La Aurora - Bomba Chilcas 1,ASSET_001,2025,12,1970-01-01 00:29:24.563820,,3587940
b0494190-a1dd-11ef-b067-1b5a3182c1f7,La Aurora - Bomba Chilcas 1,ASSET_001,2025,12,1970-01-01 00:29:24.563880,,3588000
b0494190-a1dd-11ef-b067-1b5a3182c1f7,La Aurora - Bomba Chilcas 1,ASSET_001,2025,12,1970-01-01 00:29:24.563940,,3588060
b0494190-a1dd-11ef-b067-1b5a3182c1f7,La Aurora - Bomba Chilcas 1,ASSET_001,2025,12,1970-01-01 00:29:24.564000,,3588120
b0494190-a1dd-11ef-b067-1b5a3182c1f7,La Aurora - Bomba Chilcas 1,ASSET_001,2025,12,1970-01-01 00:29:24.564060,,3588180
b0494190-a1dd-11ef-b067-1b5a3182c1f7,La Aurora - Bomba Chilcas 1,ASSET_001,2025,12,1970-01-01 00:29:24.564120,,3588240
b0494190-a1dd-11ef-b067-1b5a3182c1f7,La Aurora - Bomba Chilcas 1,ASSET_001,2025,12,1970-01-01 00:29:24.564180,,3588300
b0494190-a1dd-11ef-b067-1b5a3182c1f7,La Aurora - Bomba Chilcas 1,ASSET_001,2025,12,1970-01-01 00:29:24.564240,,3588360
b0494190-a1dd-11ef-b067-1b5a3182c1f7,La Aurora - Bomba Chilcas 1,ASSET_001,2025,12,1970-01-01 00:29:24.564300,,3588420
b0494190-a1dd-11ef-b067-1b5a3182c1f7,La Aurora - Bomba Chilcas 1,ASSET_001,2025,12,1970-01-01 00:29:24.564360,,3588480
b0494190-a1dd-11ef-b067-1b5a3182c1f7,La Aurora - Bomba Chilcas 1,ASSET_001,2025,12,1970-01-01 00:29:24.564420,,3588540
b0494190-a1dd-11ef-b067-1b5a3182c1f7,La Aurora - Bomba Chilcas 1,ASSET_001,2025,12,1970-01-01 00:29:24.564480,,3588600
b0494190-a1dd-11ef-b067-1b5a3182c1f7,La Aurora - Bomba Chilcas 1,ASSET_001,2025,12,1970-01-01 00:29:24.564540,,3588660
b0494190-a1dd-11ef-b067-1b5a3182c1f7,La Aurora - Bomba Chilcas 1,ASSET_001,2025,12,1970-01-01 00:29:24.564600,,3588720
b0494190-a1dd-11ef-b067-1b5a3182c1f7,La Aurora - Bomba Chilcas 1,ASSET_001,2025,12,1970-01-01 00:29:24.564660,,3588780
b0494190-a1dd-11ef-b067-1b5a3182c1f7,La Aurora - Bomba Chilcas 1,ASSET_001,2025,12,1970-01-01 00:29:24.564720,,3588840
b0494190-a1dd-11ef-b067-1b5a3182c1f7,La Aurora - Bomba Chilcas 1,ASSET_001,2025,12,1970-01-01 00:29:24.564780,,3588900
b0494190-a1dd-11ef-b067-1b5a3182c1f7,La Aurora - Bomba Chilcas 1,ASSET_001,2025,12,1970-01-01 00:29:24.564840,,3588960
b0494190-a1dd-11ef-b067-1b5a3182c1f7,La Aurora - Bomba Chilcas 1,ASSET_001,2025,12,1970-01-01 00:29:24.564900,,3589020
b0494190-a1dd-11ef-b067-1b5a3182c1f7,La Aurora - Bomba Chilcas 1,ASSET_001,2025,12,1970-01-01 00:29:24.564960,0.0,3589020
b0494190-a1dd-11ef-b067-1b5a3182c1f7,La Aurora - Bomba Chilcas 1,ASSET_001,2025,12,1970-01-01 00:29:24.565020,,3589020
b0494190-a1dd-11ef-b067-1b5a3182c1f7,La Aurora - Bomba Chilcas 1,ASSET_001,2025,12,1970-01-01 00:29:24.565080,,3589020
b0494190-a1dd-11ef-b067-1b5a3182c1f7,La Aurora - Bomba Chilcas 1,ASSET_001,2025,12,1970-01-01 00:29:24.565140,,3589020
b0494190-a1dd-11ef-b067-1b5a3182c1f7,La Aurora - Bomba Chilcas 1,ASSET_001,2025,12,1970-01-01 00:29:24.565200,,3589020
b0494190-a1dd-11ef-b067-1b5a3182c1f7,La Aurora - Bomba Chilcas 1,ASSET_001,2025,12,1970-01-01 00:29:24.565260,,3589020
b0494190-a1dd-11ef-b067-1b5a3182c1f7,La Aurora - Bomba Chilcas 1,ASSET_001,2025,12,1970-01-01 00:29:24.565320,,3589020
b0494190-a1dd-11ef-b067-1b5a3182c1f7,La Aurora - Bomba Chilcas 1,ASSET_001,2025,12,1970-01-01 00:29:24.565380,,3589020
b0494190-a1dd-11ef-b067-1b5a3182c1f7,La Aurora - Bomba Chilcas 1,ASSET_001,2025,12,1970-01-01 00:29:24.565440,,3589020
b0494190-a1dd-11ef-b067-1b5a3182c1f7,La Aurora - Bomba Chilcas 1,ASSET_001,2025,12,1970-01-01 00:29:24.565500,,3589020
b0494190-a1dd-11ef-b067-1b5a3182c1f7,La Aurora - Bomba Chilcas 1,ASSET_001,2025,12,1970-01-01 00:29:24.565560,,3589020
b0494190-a1dd-11ef-b067-1b5a3182c1f7,La Aurora - Bomba Chilcas 1,ASSET_001,2025,12,1970-01-01 00:29:24.565620,,3589020
b0494190-a1dd-11ef-b067-1b5a3182c1f7,La Aurora - Bomba Chilcas 1,ASSET_001,2025,12,1970-01-01 00:29:24.565740,,3589020
b0494190-a1dd-11ef-b067-1b5a3182c1f7,La Aurora - Bomba Chilcas 1,ASSET_001,2025,12,1970-01-01 00:29:24.565800,,3589020
b0494190-a1dd-11ef-b067-1b5a3182c1f7,La Aurora - Bomba Chilcas 1,ASSET_001,2025,12,1970-01-01 00:29:24.565860,,3589020
b0494190-a1dd-11ef-b067-1b5a3182c1f7,La Aurora - Bomba Chilcas 1,ASSET_001,2025,12,1970-01-01 00:29:24.565920,,3589020
b0494190-a1dd-11ef-b067-1b5a3182c1f7,La Aurora - Bomba Chilcas 1,ASSET_001,2025,12,1970-01-01 00:29:24.565980,,3589020
b0494190-a1dd-11ef-b067-1b5a3182c1f7,La Aurora - Bomba Chilcas 1,ASSET_001,2025,12,1970-01-01 00:29:24.566040,,3589020
b0494190-a1dd-11ef-b067-1b5a3182c1f7,La Aurora - Bomba Chilcas 1,ASSET_001,2025,12,1970-01-01 00:29:24.566100,,3589020
b0494190-a1dd-11ef-b067-1b5a3182c1f7,La Aurora - Bomba Chilcas 1,ASSET_001,2025,12,1970-01-01 00:29:24.566160,,3589020
b0494190-a1dd-11ef-b067-1b5a3182c1f7,La Aurora - Bomba Chilcas 1,ASSET_001,2025,12,1970-01-01 00:29:24.566220,,3589020
b0494190-a1dd-11ef-b067-1b5a3182c1f7,La Aurora - Bomba Chilcas 1,ASSET_001,2025,12,1970-01-01 00:29:24.566280,,3589020
b0494190-a1dd-11ef-b067-1b5a3182c1f7,La Aurora - Bomba Chilcas 1,ASSET_001,2025,12,1970-01-01 00:29:24.566340,,3589020
b0494190-a1dd-11ef-b067-1b5a3182c1f7,La Aurora - Bomba Chilcas 1,ASSET_001,2025,12,1970-01-01 00:29:24.566400,,3589020
b0494190-a1dd-11ef-b067-1b5a3182c1f7,La Aurora - Bomba Chilcas 1,ASSET_001,2025,12,1970-01-01 00:29:24.566460,,3589020
b0494190-a1dd-11ef-b067-1b5a3182c1f7,La Aurora - Bomba Chilcas 1,ASSET_001,2025,12,1970-01-01 00:29:24.566520,,3589020
b0494190-a1dd-11ef-b067-1b5a3182c1f7,La Aurora - Bomba Chilcas 1,ASSET_001,2025,12,1970-01-01 00:29:24.566580,,3589020
b0494190-a1dd-11ef-b067-1b5a3182c1f7,La Aurora - Bomba Chilcas 1,ASSET_001,2025,12,1970-01-01 00:29:24.566640,,3589020
b0494190-a1dd-11ef-b067-1b5a3182c1f7,La Aurora - Bomba Chilcas 1,ASSET_001,2025,12,1970-01-01 00:29:24.566700,,3589020
b0494190-a1dd-11ef-b067-1b5a3182c1f7,La Aurora - Bomba Chilcas 1,ASSET_001,2025,12,1970-01-01 00:29:24.566760,,3589020
b0494190-a1dd-11ef-b067-1b5a3182c1f7,La Aurora - Bomba Chilcas 1,ASSET_001,2025,12,1970-01-01 00:29:24.566820,,3589020
b0494190-a1dd-11ef-b067-1b5a3182c1f7,La Aurora - Bomba Chilcas 1,ASSET_001,2025,12,1970-01-01 00:29:24.566880,,3589020
b0494190-a1dd-11ef-b067-1b5a3182c1f7,La Aurora - Bomba Chilcas 1,ASSET_001,2025,12,1970-01-01 00:29:24.566940,,3589020
b0494190-a1dd-11ef-b067-1b5a3182c1f7,La Aurora - Bomba Chilcas 1,ASSET_001,2025,12,1970-01-01 00:29:24.567000,,3589020
b0494190-a1dd-11ef-b067-1b5a3182c1f7,La Aurora - Bomba Chilcas 1,ASSET_001,2025,12,1970-01-01 00:29:24.567060,,3589020
b0494190-a1dd-11ef-b067-1b5a3182c1f7,La Aurora - Bomba Chilcas 1,ASSET_001,2025,12,1970-01-01 00:29:24.567120,,3589020
b0494190-a1dd-11ef-b067-1b5a3182c1f7,La Aurora - Bomba Chilcas 1,ASSET_001,2025,12,1970-01-01 00:29:24.567180,,3589020
b0494190-a1dd-11ef-b067-1b5a3182c1f7,La Aurora - Bomba Chilcas 1,ASSET_001,2025,12,1970-01-01 00:29:24.567240,,3589020
b0494190-a1dd-11ef-b067-1b5a3182c1f7,La Aurora - Bomba Chilcas 1,ASSET_001,2025,12,1970-01-01 00:29:24.567300,,3589020
b0494190-a1dd-11ef-b067-1b5a3182c1f7,La Aurora - Bomba Chilcas 1,ASSET_001,2025,12,1970-01-01 00:29:24.567360,,3589020
b0494190-a1dd-11ef-b067-1b5a3182c1f7,La Aurora - Bomba Chilcas 1,ASSET_001,2025,12,1970-01-01 00:29:24.567420,,3589020
b0494190-a1dd-11ef-b067-1b5a3182c1f7,La Aurora - Bomba Chilcas 1,ASSET_001,2025,12,1970-01-01 00:29:24.567480,,3589020
b0494190-a1dd-11ef-b067-1b5a3182c1f7,La Aurora - Bomba Chilcas 1,ASSET_001,2025,12,1970-01-01 00:29:24.567540,,3589020
b0494190-a1dd-11ef-b067-1b5a3182c1f7,La Aurora - Bomba Chilcas 1,ASSET_001,2025,12,1970-01-01 00:29:24.567600,,3589020
b0494190-a1dd-11ef-b067-1b5a3182c1f7,La Aurora - Bomba Chilcas 1,ASSET_001,2025,12,1970-01-01 00:29:24.567660,,3589020
b0494190-a1dd-11ef-b067-1b5a3182c1f7,La Aurora - Bomba Chilcas 1,ASSET_001,2025,12,1970-01-01 00:29:24.567720,,3589020
b0494190-a1dd-11ef-b067-1b5a3182c1f7,La Aurora - Bomba Chilcas 1,ASSET_001,2025,12,1970-01-01 00:29:24.567780,,3589020
b0494190-a1dd-11ef-b067-1b5a3182c1f7,La Aurora - Bomba Chilcas 1,ASSET_001,2025,12,1970-01-01 00:29:24.567840,,3589020
b0494190-a1dd-11ef-b067-1b5a3182c1f7,La Aurora - Bomba Chilcas 1,ASSET_001,2025,12,1970-01-01 00:29:24.567900,,3589020
b0494190-a1dd-11ef-b067-1b5a3182c1f7,La Aurora - Bomba Chilcas 1,ASSET_001,2025,12,1970-01-01 00:29:24.567960,,3589020
b0494190-a1dd-11ef-b067-1b5a3182c1f7,La Aurora - Bomba Chilcas 1,ASSET_001,2025,12,1970-01-01 00:29:24.568020,,3589020
b0494190-a1dd-11ef-b067-1b5a3182c1f7,La Aurora - Bomba Chilcas 1,ASSET_001,2025,12,1970-01-01 00:29:24.568080,,3589020
b0494190-a1dd-11ef-b067-1b5a3182c1f7,La Aurora - Bomba Chilcas 1,ASSET_001,2025,12,1970-01-01 00:29:24.568140,,3589020
b0494190-a1dd-11ef-b067-1b5a3182c1f7,La Aurora - Bomba Chilcas 1,ASSET_001,2025,12,1970-01-01 00:29:24.568200,,3589020
b0494190-a1dd-11ef-b067-1b5a3182c1f7,La Aurora - Bomba Chilcas 1,ASSET_001,2025,12,1970-01-01 00:29:24.568260,,3589020
b0494190-a1dd-11ef-b067-1b5a3182c1f7,La Aurora - Bomba Chilcas 1,ASSET_001,2025,12,1970-01-01 00:29:24.568320,,3589020
b0494190-a1dd-11ef-b067-1b5a3182c1f7,La Aurora - Bomba Chilcas 1,ASSET_001,2025,12,1970-01-01 00:29:24.568380,,3589020
b0494190-a1dd-11ef-b067-1b5a3182c1f7,La Aurora - Bomba Chilcas 1,ASSET_001,2025,12,1970-01-01 00:29:24.568440,,3589020
b0494190-a1dd-11ef-b067-1b5a3182c1f7,La Aurora - Bomba Chilcas 1,ASSET_001,2025,12,1970-01-01 00:29:24.568500,,3589020
b0494190-a1dd-11ef-b067-1b5a3182c1f7,La Aurora - Bomba Chilcas 1,ASSET_001,2025,12,1970-01-01 00:29:24.568560,,3589020
b0494190-a1dd-11ef-b067-1b5a3182c1f7,La Aurora - Bomba Chilcas 1,ASSET_001,2025,12,1970-01-01 00:29:24.568620,,3589020
b0494190-a1dd-11ef-b067-1b5a3182c1f7,La Aurora - Bomba Chilcas 1,ASSET_001,2025,12,1970-01-01 00:29:24.568680,,3589020
b0494190-a1dd-11ef-b067-1b5a3182c1f7,La Aurora - Bomba Chilcas 1,ASSET_001,2025,12,1970-01-01 00:29:24.568740,,3589020
b0494190-a1dd-11ef-b067-1b5a3182c1f7,La Aurora - Bomba Chilcas 1,ASSET_001,2025,12,1970-01-01 00:29:24.568800,,3589020
b0494190-a1dd-11ef-b067-1b5a3182c1f7,La Aurora - Bomba Chilcas 1,ASSET_001,2025,12,1970-01-01 00:29:24.568860,,3589020
b0494190-a1dd-11ef-b067-1b5a3182c1f7,La Aurora - Bomba Chilcas 1,ASSET_001,2025,12,1970-01-01 00:29:24.568920,,3589020
b0494190-a1dd-11ef-b067-1b5a3182c1f7,La Aurora - Bomba Chilcas 1,ASSET_001,2025,12,1970-01-01 00:29:24.568980,,3589020
b0494190-a1dd-11ef-b067-1b5a3182c1f7,La Aurora - Bomba Chilcas 1,ASSET_001,2025,12,1970-01-01 00:29:24.569040,,3589020
b0494190-a1dd-11ef-b067-1b5a3182c1f7,La Aurora - Bomba Chilcas 1,ASSET_001,2025,12,1970-01-01 00:29:24.569100,,3589020
b0494190-a1dd-11ef-b067-1b5a3182c1f7,La Aurora - Bomba Chilcas 1,ASSET_001,2025,12,1970-01-01 00:29:24.569160,,3589020
b0494190-a1dd-11ef-b067-1b5a3182c1f7,La Aurora - Bomba Chilcas 1,ASSET_001,2025,12,1970-01-01 00:29:24.569220,,3589020
b0494190-a1dd-11ef-b067-1b5a3182c1f7,La Aurora - Bomba Chilcas 1,ASSET_001,2025,12,1970-01-01 00:29:24.569280,,3589020
b0494190-a1dd-11ef-b067-1b5a3182c1f7,La Aurora - Bomba Chilcas 1,ASSET_001,2025,12,1970-01-01 00:29:24.569340,,3589020
b0494190-a1dd-11ef-b067-1b5a3182c1f7,La Aurora - Bomba Chilcas 1,ASSET_001,2025,12,1970-01-01 00:29:24.569400,,3589020
b0494190-a1dd-11ef-b067-1b5a3182c1f7,La Aurora - Bomba Chilcas 1,ASSET_001,2025,12,1970-01-01 00:29:24.569460,,3589020
b0494190-a1dd-11ef-b067-1b5a3182c1f7,La Aurora - Bomba Chilcas 1,ASSET_001,2025,12,1970-01-01 00:29:24.569520,,3589020
b0494190-a1dd-11ef-b067-1b5a3182c1f7,La Aurora - Bomba Chilcas 1,ASSET_001,2025,12,1970-01-01 00:29:24.569580,,3589020
b0494190-a1dd-11ef-b067-1b5a3182c1f7,La Aurora - Bomba Chilcas 1,ASSET_001,2025,12,1970-01-01 00:29:24.569640,,3589020
b0494190-a1dd-11ef-b067-1b5a3182c1f7,La Aurora - Bomba Chilcas 1,ASSET_001,2025,12,1970-01-01 00:29:24.569700,,3589020
b0494190-a1dd-11ef-b067-1b5a3182c1f7,La Aurora - Bomba Chilcas 1,ASSET_001,2025,12,1970-01-01 00:29:24.569760,,3589020
b0494190-a1dd-11ef-b067-1b5a3182c1f7,La Aurora - Bomba Chilcas 1,ASSET_001,2025,12,1970-01-01 00:29:24.569820,,3589020
b0494190-a1dd-11ef-b067-1b5a3182c1f7,La Aurora - Bomba Chilcas 1,ASSET_001,2025,12,1970-01-01 00:29:24.569880,,3589020
b0494190-a1dd-11ef-b067-1b5a3182c1f7,La Aurora - Bomba Chilcas 1,ASSET_001,2025,12,1970-01-01 00:29:24.569940,,3589020
b0494190-a1dd-11ef-b067-1b5a3182c1f7,La Aurora - Bomba Chilcas 1,ASSET_001,2025,12,1970-01-01 00:29:24.570000,,3589020
b0494190-a1dd-11ef-b067-1b5a3182c1f7,La Aurora - Bomba Chilcas 1,ASSET_001,2025,12,1970-01-01 00:29:24.570060,,3589020
b0494190-a1dd-11ef-b067-1b5a3182c1f7,La Aurora - Bomba Chilcas 1,ASSET_001,2025,12,1970-01-01 00:29:24.570120,,3589020
b0494190-a1dd-11ef-b067-1b5a3182c1f7,La Aurora - Bomba Chilcas 1,ASSET_001,2025,12,1970-01-01 00:29:24.570180,,3589020
b0494190-a1dd-11ef-b067-1b5a3182c1f7,La Aurora - Bomba Chilcas 1,ASSET_001,2025,12,1970-01-01 00:29:24.570240,,3589020
b0494190-a1dd-11ef-b067-1b5a3182c1f7,La Aurora - Bomba Chilcas 1,ASSET_001,2025,12,1970-01-01 00:29:24.570300,,3589020
b0494190-a1dd-11ef-b067-1b5a3182c1f7,La Aurora - Bomba Chilcas 1,ASSET_001,2025,12,1970-01-01 00:29:24.570360,,3589020
b0494190-a1dd-11ef-b067-1b5a3182c1f7,La Aurora - Bomba Chilcas 1,ASSET_001,2025,12,1970-01-01 00:29:24.570420,,3589020
b0494190-a1dd-11ef-b067-1b5a3182c1f7,La Aurora - Bomba Chilcas 1,ASSET_001,2025,12,1970-01-01 00:29:24.570480,,3589020
b0494190-a1dd-11ef-b067-1b5a3182c1f7,La Aurora - Bomba Chilcas 1,ASSET_001,2025,12,1970-01-01 00:29:24.570540,,3589020
b0494190-a1dd-11ef-b067-1b5a3182c1f7,La Aurora - Bomba Chilcas 1,ASSET_001,2025,12,1970-01-01 00:29:24.570600,,3589020
b0494190-a1dd-11ef-b067-1b5a3182c1f7,La Aurora - Bomba Chilcas 1,ASSET_001,2025,12,1970-01-01 00:29:24.570660,,3589020
b0494190-a1dd-11ef-b067-1b5a3182c1f7,La Aurora - Bomba Chilcas 1,ASSET_001,2025,12,1970-01-01 00:29:24.570720,,3589020
b0494190-a1dd-11ef-b067-1b5a3182c1f7,La Aurora - Bomba Chilcas 1,ASSET_001,2025,12,1970-01-01 00:29:24.570780,,3589020
b0494190-a1dd-11ef-b067-1b5a3182c1f7,La Aurora - Bomba Chilcas 1,ASSET_001,2025,12,1970-01-01 00:29:24.570840,,3589020
b0494190-a1dd-11ef-b067-1b5a3182c1f7,La Aurora - Bomba Chilcas 1,ASSET_001,2025,12,1970-01-01 00:29:24.570900,,3589020
b0494190-a1dd-11ef-b067-1b5a3182c1f7,La Aurora - Bomba Chilcas 1,ASSET_001,2025,12,1970-01-01 00:29:24.570960,,3589020
b0494190-a1dd-11ef-b067-1b5a3182c1f7,La Aurora - Bomba Chilcas 1,ASSET_001,2025,12,1970-01-01 00:29:24.571020,,3589020
b0494190-a1dd-11ef-b067-1b5a3182c1f7,La Aurora - Bomba Chilcas 1,ASSET_001,2025,12,1970-01-01 00:29:24.571080,,3589020
b0494190-a1dd-11ef-b067-1b5a3182c1f7,La Aurora - Bomba Chilcas 1,ASSET_001,2025,12,1970-01-01 00:29:24.571140,,3589020
b0494190-a1dd-11ef-b067-1b5a3182c1f7,La Aurora - Bomba Chilcas 1,ASSET_001,2025,12,1970-01-01 00:29:24.571200,,3589020
b0494190-a1dd-11ef-b067-1b5a3182c1f7,La Aurora - Bomba Chilcas 1,ASSET_001,2025,12,1970-01-01 00:29:24.571260,,3589020
b0494190-a1dd-11ef-b067-1b5a3182c1f7,La Aurora - Bomba Chilcas 1,ASSET_001,2025,12,1970-01-01 00:29:24.571320,,3589020
b0494190-a1dd-11ef-b067-1b5a3182c1f7,La Aurora - Bomba Chilcas 1,ASSET_001,2025,12,1970-01-01 00:29:24.571380,,3589020
b0494190-a1dd-11ef-b067-1b5a3182c1f7,La Aurora - Bomba Chilcas 1,ASSET_001,2025,12,1970-01-01 00:29:24.571440,,3589020
b0494190-a1dd-11ef-b067-1b5a3182c1f7,La Aurora - Bomba Chilcas 1,ASSET_001,2025,12,1970-01-01 00:29:24.571500,,3589020
b0494190-a1dd-11ef-b067-1b5a3182c1f7,La Aurora - Bomba Chilcas 1,ASSET_001,2025,12,1970-01-01 00:29:24.571560,,3589020
b0494190-a1dd-11ef-b067-1b5a3182c1f7,La Aurora - Bomba Chilcas 1,ASSET_001,2025,12,1970-01-01 00:29:24.571620,,3589020
b0494190-a1dd-11ef-b067-1b5a3182c1f7,La Aurora - Bomba Chilcas 1,ASSET_001,2025,12,1970-01-01 00:29:24.571680,,3589020
b0494190-a1dd-11ef-b067-1b5a3182c1f7,La Aurora - Bomba Chilcas 1,ASSET_001,2025,12,1970-01-01 00:29:24.571740,,3589020
b0494190-a1dd-11ef-b067-1b5a3182c1f7,La Aurora - Bomba Chilcas 1,ASSET_001,2025,12,1970-01-01 00:29:24.571800,,3589020
b0494190-a1dd-11ef-b067-1b5a3182c1f7,La Aurora - Bomba Chilcas 1,ASSET_001,2025,12,1970-01-01 00:29:24.571860,,3589020
b0494190-a1dd-11ef-b067-1b5a3182c1f7,La Aurora - Bomba Chilcas 1,ASSET_001,2025,12,1970-01-01 00:29:24.571920,,3589020
b0494190-a1dd-11ef-b067-1b5a3182c1f7,La Aurora - Bomba Chilcas 1,ASSET_001,2025,12,1970-01-01 00:29:24.571980,,3589020
b0494190-a1dd-11ef-b067-1b5a3182c1f7,La Aurora - Bomba Chilcas 1,ASSET_001,2025,12,1970-01-01 00:29:24.572040,,3589020
b0494190-a1dd-11ef-b067-1b5a3182c1f7,La Aurora - Bomba Chilcas 1,ASSET_001,2025,12,1970-01-01 00:29:24.572100,,3589020
b0494190-a1dd-11ef-b067-1b5a3182c1f7,La Aurora - Bomba Chilcas 1,ASSET_001,2025,12,1970-01-01 00:29:24.572160,,3589020
b0494190-a1dd-11ef-b067-1b5a3182c1f7,La Aurora - Bomba Chilcas 1,ASSET_001,2025,12,1970-01-01 00:29:24.572220,,3589020
b0494190-a1dd-11ef-b067-1b5a3182c1f7,La Aurora - Bomba Chilcas 1,ASSET_001,2025,12,1970-01-01 00:29:24.572280,,3589020
b0494190-a1dd-11ef-b067-1b5a3182c1f7,La Aurora - Bomba Chilcas 1,ASSET_001,2025,12,1970-01-01 00:29:24.572340,,3589020
b0494190-a1dd-11ef-b067-1b5a3182c1f7,La Aurora - Bomba Chilcas 1,ASSET_001,2025,12,1970-01-01 00:29:24.572400,,3589020
b0494190-a1dd-11ef-b067-1b5a3182c1f7,La Aurora - Bomba Chilcas 1,ASSET_001,2025,12,1970-01-01 00:29:24.572460,,3589020
b0494190-a1dd-11ef-b067-1b5a3182c1f7,La Aurora - Bomba Chilcas 1,ASSET_001,2025,12,1970-01-01 00:29:24.572520,,3589020
b0494190-a1dd-11ef-b067-1b5a3182c1f7,La Aurora - Bomba Chilcas 1,ASSET_001,2025,12,1970-01-01 00:29:24.572580,,3589020
b0494190-a1dd-11ef-b067-1b5a3182c1f7,La Aurora - Bomba Chilcas 1,ASSET_001,2025,12,1970-01-01 00:29:24.572640,,3589020
b0494190-a1dd-11ef-b067-1b5a3182c1f7,La Aurora - Bomba Chilcas 1,ASSET_001,2025,12,1970-01-01 00:29:24.572700,,3589020
b0494190-a1dd-11ef-b067-1b5a3182c1f7,La Aurora - Bomba Chilcas 1,ASSET_001,2025,12,1970-01-01 00:29:24.572760,,3589020
b0494190-a1dd-11ef-b067-1b5a3182c1f7,La Aurora - Bomba Chilcas 1,ASSET_001,2025,12,1970-01-01 00:29:24.572820,,3589020
b0494190-a1dd-11ef-b067-1b5a3182c1f7,La Aurora - Bomba Chilcas 1,ASSET_001,2025,12,1970-01-01 00:29:24.572880,,3589020
b0494190-a1dd-11ef-b067-1b5a3182c1f7,La Aurora - Bomba Chilcas 1,ASSET_001,2025,12,1970-01-01 00:29:24.572940,,3589020
b0494190-a1dd-11ef-b067-1b5a3182c1f7,La Aurora - Bomba Chilcas 1,ASSET_001,2025,12,1970-01-01 00:29:24.573000,,3589020
b0494190-a1dd-11ef-b067-1b5a3182c1f7,La Aurora - Bomba Chilcas 1,ASSET_001,2025,12,1970-01-01 00:29:24.573060,,3589020
b0494190-a1dd-11ef-b067-1b5a3182c1f7,La Aurora - Bomba Chilcas 1,ASSET_001,2025,12,1970-01-01 00:29:24.573120,,3589020
b0494190-a1dd-11ef-b067-1b5a3182c1f7,La Aurora - Bomba Chilcas 1,ASSET_001,2025,12,1970-01-01 00:29:24.573180,,3589020
b0494190-a1dd-11ef-b067-1b5a3182c1f7,La Aurora - Bomba Chilcas 1,ASSET_001,2025,12,1970-01-01 00:29:24.573240,,3589020
b0494190-a1dd-11ef-b067-1b5a3182c1f7,La Aurora - Bomba Chilcas 1,ASSET_001,2025,12,1970-01-01 00:29:24.573300,,3589020
b0494190-a1dd-11ef-b067-1b5a3182c1f7,La Aurora - Bomba Chilcas 1,ASSET_001,2025,12,1970-01-01 00:29:24.573360,,3589020
b0494190-a1dd-11ef-b067-1b5a3182c1f7,La Aurora - Bomba Chilcas 1,ASSET_001,2025,12,1970-01-01 00:29:24.573420,,3589020
b0494190-a1dd-11ef-b067-1b5a3182c1f7,La Aurora - Bomba Chilcas 1,ASSET_001,2025,12,1970-01-01 00:29:24.573480,,3589020
b0494190-a1dd-11ef-b067-1b5a3182c1f7,La Aurora - Bomba Chilcas 1,ASSET_001,2025,12,1970-01-01 00:29:24.573540,,3589020
b0494190-a1dd-11ef-b067-1b5a3182c1f7,La Aurora - Bomba Chilcas 1,ASSET_001,2025,12,1970-01-01 00:29:24.573600,,3589020
b0494190-a1dd-11ef-b067-1b5a3182c1f7,La Aurora - Bomba Chilcas 1,ASSET_001,2025,12,1970-01-01 00:29:24.573660,,3589020
b0494190-a1dd-11ef-b067-1b5a3182c1f7,La Aurora - Bomba Chilcas 1,ASSET_001,2025,12,1970-01-01 00:29:24.573720,,3589020
b0494190-a1dd-11ef-b067-1b5a3182c1f7,La Aurora - Bomba Chilcas 1,ASSET_001,2025,12,1970-01-01 00:29:24.573780,,3589020
b0494190-a1dd-11ef-b067-1b5a3182c1f7,La Aurora - Bomba Chilcas 1,ASSET_001,2025,12,1970-01-01 00:29:24.573840,,3589020
b0494190-a1dd-11ef-b067-1b5a3182c1f7,La Aurora - Bomba Chilcas 1,ASSET_001,2025,12,1970-01-01 00:29:24.573900,,3589020
b0494190-a1dd-11ef-b067-1b5a3182c1f7,La Aurora - Bomba Chilcas 1,ASSET_001,2025,12,1970-01-01 00:29:24.573960,,3589020
b0494190-a1dd-11ef-b067-1b5a3182c1f7,La Aurora - Bomba Chilcas 1,ASSET_001,2025,12,1970-01-01 00:29:24.574020,,3589020
b0494190-a1dd-11ef-b067-1b5a3182c1f7,La Aurora - Bomba Chilcas 1,ASSET_001,2025,12,1970-01-01 00:29:24.574080,,3589020
b0494190-a1dd-11ef-b067-1b5a3182c1f7,La Aurora - Bomba Chilcas 1,ASSET_001,2025,12,1970-01-01 00:29:24.574140,,3589020
b0494190-a1dd-11ef-b067-1b5a3182c1f7,La Aurora - Bomba Chilcas 1,ASSET_001,2025,12,1970-01-01 00:29:24.574200,,3589020
b0494190-a1dd-11ef-b067-1b5a3182c1f7,La Aurora - Bomba Chilcas 1,ASSET_001,2025,12,1970-01-01 00:29:24.574260,,3589020
b0494190-a1dd-11ef-b067-1b5a3182c1f7,La Aurora - Bomba Chilcas 1,ASSET_001,2025,12,1970-01-01 00:29:24.574320,,3589020
b0494190-a1dd-11ef-b067-1b5a3182c1f7,La Aurora - Bomba Chilcas 1,ASSET_001,2025,12,1970-01-01 00:29:24.574380,,3589020
b0494190-a1dd-11ef-b067-1b5a3182c1f7,La Aurora - Bomba Chilcas 1,ASSET_001,2025,12,1970-01-01 00:29:24.574440,,3589020
b0494190-a1dd-11ef-b067-1b5a3182c1f7,La Aurora - Bomba Chilcas 1,ASSET_001,2025,12,1970-01-01 00:29:24.574500,,3589020
b0494190-a1dd-11ef-b067-1b5a3182c1f7,La Aurora - Bomba Chilcas 1,ASSET_001,2025,12,1970-01-01 00:29:24.574560,,3589020
b0494190-a1dd-11ef-b067-1b5a3182c1f7,La Aurora - Bomba Chilcas 1,ASSET_001,2025,12,1970-01-01 00:29:24.574620,,3589020
b0494190-a1dd-11ef-b067-1b5a3182c1f7,La Aurora - Bomba Chilcas 1,ASSET_001,2025,12,1970-01-01 00:29:24.574680,,3589020
b0494190-a1dd-11ef-b067-1b5a3182c1f7,La Aurora - Bomba Chilcas 1,ASSET_001,2025,12,1970-01-01 00:29:24.574740,,3589020
b0494190-a1dd-11ef-b067-1b5a3182c1f7,La Aurora - Bomba Chilcas 1,ASSET_001,2025,12,1970-01-01 00:29:24.574800,,3589020
b0494190-a1dd-11ef-b067-1b5a3182c1f7,La Aurora - Bomba Chilcas 1,ASSET_001,2025,12,1970-01-01 00:29:24.574860,,3589020
b0494190-a1dd-11ef-b067-1b5a3182c1f7,La Aurora - Bomba Chilcas 1,ASSET_001,2025,12,1970-01-01 00:29:24.574920,,3589020
b0494190-a1dd-11ef-b067-1b5a3182c1f7,La Aurora - Bomba Chilcas 1,ASSET_001,2025,12,1970-01-01 00:29:24.574980,,3589020
b0494190-a1dd-11ef-b067-1b5a3182c1f7,La Aurora - Bomba Chilcas 1,ASSET_001,2025,12,1970-01-01 00:29:24.575040,,3589020
b0494190-a1dd-11ef-b067-1b5a3182c1f7,La Aurora - Bomba Chilcas 1,ASSET_001,2025,12,1970-01-01 00:29:24.575100,,3589020
b0494190-a1dd-11ef-b067-1b5a3182c1f7,La Aurora - Bomba Chilcas 1,ASSET_001,2025,12,1970-01-01 00:29:24.575160,,3589020
b0494190-a1dd-11ef-b067-1b5a3182c1f7,La Aurora - Bomba Chilcas 1,ASSET_001,2025,12,1970-01-01 00:29:24.575220,,3589020
b0494190-a1dd-11ef-b067-1b5a3182c1f7,La Aurora - Bomba Chilcas 1,ASSET_001,2025,12,1970-01-01 00:29:24.575280,,3589020
b0494190-a1dd-11ef-b067-1b5a3182c1f7,La Aurora - Bomba Chilcas 1,ASSET_001,2025,12,1970-01-01 00:29:24.575340,,3589020
b0494190-a1dd-11ef-b067-1b5a3182c1f7,La Aurora - Bomba Chilcas 1,ASSET_001,2025,12,1970-01-01 00:29:24.575400,,3589020
b0494190-a1dd-11ef-b067-1b5a3182c1f7,La Aurora - Bomba Chilcas 1,ASSET_001,2025,12,1970-01-01 00:29:24.575460,,3589020
b0494190-a1dd-11ef-b067-1b5a3182c1f7,La Aurora - Bomba Chilcas 1,ASSET_001,2025,12,1970-01-01 00:29:24.575520,,3589020
b0494190-a1dd-11ef-b067-1b5a3182c1f7,La Aurora - Bomba Chilcas 1,ASSET_001,2025,12,1970-01-01 00:29:24.575580,,3589020
b0494190-a1dd-11ef-b067-1b5a3182c1f7,La Aurora - Bomba Chilcas 1,ASSET_001,2025,12,1970-01-01 00:29:24.575640,,3589020
b0494190-a1dd-11ef-b067-1b5a3182c1f7,La Aurora - Bomba Chilcas 1,ASSET_001,2025,12,1970-01-01 00:29:24.575700,,3589020
b0494190-a1dd-11ef-b067-1b5a3182c1f7,La Aurora - Bomba Chilcas 1,ASSET_001,2025,12,1970-01-01 00:29:24.575760,,3589020
b0494190-a1dd-11ef-b067-1b5a3182c1f7,La Aurora - Bomba Chilcas 1,ASSET_001,2025,12,1970-01-01 00:29:24.575820,,3589020
b0494190-a1dd-11ef-b067-1b5a3182c1f7,La Aurora - Bomba Chilcas 1,ASSET_001,2025,12,1970-01-01 00:29:24.575880,,3589020
b0494190-a1dd-11ef-b067-1b5a3182c1f7,La Aurora - Bomba Chilcas 1,ASSET_001,2025,12,1970-01-01 00:29:24.575940,,3589020
b0494190-a1dd-11ef-b067-1b5a3182c1f7,La Aurora - Bomba Chilcas 1,ASSET_001,2025,12,1970-01-01 00:29:24.576000,,3589020
b0494190-a1dd-11ef-b067-1b5a3182c1f7,La Aurora - Bomba Chilcas 1,ASSET_001,2025,12,1970-01-01 00:29:24.576060,,3589020
b0494190-a1dd-11ef-b067-1b5a3182c1f7,La Aurora - Bomba Chilcas 1,ASSET_001,2025,12,1970-01-01 00:29:24.576120,,3589020
b0494190-a1dd-11ef-b067-1b5a3182c1f7,La Aurora - Bomba Chilcas 1,ASSET_001,2025,12,1970-01-01 00:29:24.576180,,3589020
b0494190-a1dd-11ef-b067-1b5a3182c1f7,La Aurora - Bomba Chilcas 1,ASSET_001,2025,12,1970-01-01 00:29:24.576240,,3589020
b0494190-a1dd-11ef-b067-1b5a3182c1f7,La Aurora - Bomba Chilcas 1,ASSET_001,2025,12,1970-01-01 00:29:24.576300,,3589020
b0494190-a1dd-11ef-b067-1b5a3182c1f7,La Aurora - Bomba Chilcas 1,ASSET_001,2025,12,1970-01-01 00:29:24.576360,,3589020
b0494190-a1dd-11ef-b067-1b5a3182c1f7,La Aurora - Bomba Chilcas 1,ASSET_001,2025,12,1970-01-01 00:29:24.576420,,3589020
b0494190-a1dd-11ef-b067-1b5a3182c1f7,La Aurora - Bomba Chilcas 1,ASSET_001,2025,12,1970-01-01 00:29:24.576480,,3589020
b0494190-a1dd-11ef-b067-1b5a3182c1f7,La Aurora - Bomba Chilcas 1,ASSET_001,2025,12,1970-01-01 00:29:24.576540,,3589020
b0494190-a1dd-11ef-b067-1b5a3182c1f7,La Aurora - Bomba Chilcas 1,ASSET_001,2025,12,1970-01-01 00:29:24.576600,,3589020
b0494190-a1dd-11ef-b067-1b5a3182c1f7,La Aurora - Bomba Chilcas 1,ASSET_001,2025,12,1970-01-01 00:29:24.576660,,3589020
b0494190-a1dd-11ef-b067-1b5a3182c1f7,La Aurora - Bomba Chilcas 1,ASSET_001,2025,12,1970-01-01 00:29:24.576720,,3589020
b0494190-a1dd-11ef-b067-1b5a3182c1f7,La Aurora - Bomba Chilcas 1,ASSET_001,2025,12,1970-01-01 00:29:24.576780,,3589020
b0494190-a1dd-11ef-b067-1b5a3182c1f7,La Aurora - Bomba Chilcas 1,ASSET_001,2025,12,1970-01-01 00:29:24.576840,,3589020
b0494190-a1dd-11ef-b067-1b5a3182c1f7,La Aurora - Bomba Chilcas 1,ASSET_001,2025,12,1970-01-01 00:29:24.576900,,3589020
b0494190-a1dd-11ef-b067-1b5a3182c1f7,La Aurora - Bomba Chilcas 1,ASSET_001,2025,12,1970-01-01 00:29:24.576960,,3589020
b0494190-a1dd-11ef-b067-1b5a3182c1f7,La Aurora - Bomba Chilcas 1,ASSET_001,2025,12,1970-01-01 00:29:24.577020,,3589020
b0494190-a1dd-11ef-b067-1b5a3182c1f7,La Aurora - Bomba Chilcas 1,ASSET_001,2025,12,1970-01-01 00:29:24.577080,,3589020
b0494190-a1dd-11ef-b067-1b5a3182c1f7,La Aurora - Bomba Chilcas 1,ASSET_001,2025,12,1970-01-01 00:29:24.577200,,3589020
b0494190-a1dd-11ef-b067-1b5a3182c1f7,La Aurora - Bomba Chilcas 1,ASSET_001,2025,12,1970-01-01 00:29:24.577260,,3589020
b0494190-a1dd-11ef-b067-1b5a3182c1f7,La Aurora - Bomba Chilcas 1,ASSET_001,2025,12,1970-01-01 00:29:24.577320,,3589020
b0494190-a1dd-11ef-b067-1b5a3182c1f7,La Aurora - Bomba Chilcas 1,ASSET_001,2025,12,1970-01-01 00:29:24.577380,,3589020
b0494190-a1dd-11ef-b067-1b5a3182c1f7,La Aurora - Bomba Chilcas 1,ASSET_001,2025,12,1970-01-01 00:29:24.577440,,3589020
b0494190-a1dd-11ef-b067-1b5a3182c1f7,La Aurora - Bomba Chilcas 1,ASSET_001,2025,12,1970-01-01 00:29:24.577500,,3589020
b0494190-a1dd-11ef-b067-1b5a3182c1f7,La Aurora - Bomba Chilcas 1,ASSET_001,2025,12,1970-01-01 00:29:24.577560,,3589020
b0494190-a1dd-11ef-b067-1b5a3182c1f7,La Aurora - Bomba Chilcas 1,ASSET_001,2025,12,1970-01-01 00:29:24.577620,,3589020
b0494190-a1dd-11ef-b067-1b5a3182c1f7,La Aurora - Bomba Chilcas 1,ASSET_001,2025,12,1970-01-01 00:29:24.577680,,3589020
b0494190-a1dd-11ef-b067-1b5a3182c1f7,La Aurora - Bomba Chilcas 1,ASSET_001,2025,12,1970-01-01 00:29:24.577740,,3589020
b0494190-a1dd-11ef-b067-1b5a3182c1f7,La Aurora - Bomba Chilcas 1,ASSET_001,2025,12,1970-01-01 00:29:24.577800,,3589020
b0494190-a1dd-11ef-b067-1b5a3182c1f7,La Aurora - Bomba Chilcas 1,ASSET_001,2025,12,1970-01-01 00:29:24.577860,,3589020
b0494190-a1dd-11ef-b067-1b5a3182c1f7,La Aurora - Bomba Chilcas 1,ASSET_001,2025,12,1970-01-01 00:29:24.577920,,3589020
b0494190-a1dd-11ef-b067-1b5a3182c1f7,La Aurora - Bomba Chilcas 1,ASSET_001,2025,12,1970-01-01 00:29:24.577980,,3589020
b0494190-a1dd-11ef-b067-1b5a3182c1f7,La Aurora - Bomba Chilcas 1,ASSET_001,2025,12,1970-01-01 00:29:24.578040,,3589020
b0494190-a1dd-11ef-b067-1b5a3182c1f7,La Aurora - Bomba Chilcas 1,ASSET_001,2025,12,1970-01-01 00:29:24.578100,,3589020
b0494190-a1dd-11ef-b067-1b5a3182c1f7,La Aurora - Bomba Chilcas 1,ASSET_001,2025,12,1970-01-01 00:29:24.578160,,3589020
b0494190-a1dd-11ef-b067-1b5a3182c1f7,La Aurora - Bomba Chilcas 1,ASSET_001,2025,12,1970-01-01 00:29:24.578220,,3589020
b0494190-a1dd-11ef-b067-1b5a3182c1f7,La Aurora - Bomba Chilcas 1,ASSET_001,2025,12,1970-01-01 00:29:24.578280,,3589020
b0494190-a1dd-11ef-b067-1b5a3182c1f7,La Aurora - Bomba Chilcas 1,ASSET_001,2025,12,1970-01-01 00:29:24.578340,,3589020
b0494190-a1dd-11ef-b067-1b5a3182c1f7,La Aurora - Bomba Chilcas 1,ASSET_001,2025,12,1970-01-01 00:29:24.578400,,3589020
b0494190-a1dd-11ef-b067-1b5a3182c1f7,La Aurora - Bomba Chilcas 1,ASSET_001,2025,12,1970-01-01 00:29:24.578460,,3589020
b0494190-a1dd-11ef-b067-1b5a3182c1f7,La Aurora - Bomba Chilcas 1,ASSET_001,2025,12,1970-01-01 00:29:24.578520,,3589020
b0494190-a1dd-11ef-b067-1b5a3182c1f7,La Aurora - Bomba Chilcas 1,ASSET_001,2025,12,1970-01-01 00:29:24.578580,,3589020
b0494190-a1dd-11ef-b067-1b5a3182c1f7,La Aurora - Bomba Chilcas 1,ASSET_001,2025,12,1970-01-01 00:29:24.578640,,3589020
b0494190-a1dd-11ef-b067-1b5a3182c1f7,La Aurora - Bomba Chilcas 1,ASSET_001,2025,12,1970-01-01 00:29:24.578700,,3589020
b0494190-a1dd-11ef-b067-1b5a3182c1f7,La Aurora - Bomba Chilcas 1,ASSET_001,2025,12,1970-01-01 00:29:24.578760,,3589020
b0494190-a1dd-11ef-b067-1b5a3182c1f7,La Aurora - Bomba Chilcas 1,ASSET_001,2025,12,1970-01-01 00:29:24.578820,,3589020
b0494190-a1dd-11ef-b067-1b5a3182c1f7,La Aurora - Bomba Chilcas 1,ASSET_001,2025,12,1970-01-01 00:29:24.578880,,3589020
b0494190-a1dd-11ef-b067-1b5a3182c1f7,La Aurora - Bomba Chilcas 1,ASSET_001,2025,12,1970-01-01 00:29:24.578940,,3589020
b0494190-a1dd-11ef-b067-1b5a3182c1f7,La Aurora - Bomba Chilcas 1,ASSET_001,2025,12,1970-01-01 00:29:24.579000,,3589020
b0494190-a1dd-11ef-b067-1b5a3182c1f7,La Aurora - Bomba Chilcas 1,ASSET_001,2025,12,1970-01-01 00:29:24.579060,,3589020
b0494190-a1dd-11ef-b067-1b5a3182c1f7,La Aurora - Bomba Chilcas 1,ASSET_001,2025,12,1970-01-01 00:29:24.579120,,3589020
b0494190-a1dd-11ef-b067-1b5a3182c1f7,La Aurora - Bomba Chilcas 1,ASSET_001,2025,12,1970-01-01 00:29:24.579180,,3589020
b0494190-a1dd-11ef-b067-1b5a3182c1f7,La Aurora - Bomba Chilcas 1,ASSET_001,2025,12,1970-01-01 00:29:24.579240,,3589020
b0494190-a1dd-11ef-b067-1b5a3182c1f7,La Aurora - Bomba Chilcas 1,ASSET_001,2025,12,1970-01-01 00:29:24.579300,,3589020
b0494190-a1dd-11ef-b067-1b5a3182c1f7,La Aurora - Bomba Chilcas 1,ASSET_001,2025,12,1970-01-01 00:29:24.579360,,3589020
b0494190-a1dd-11ef-b067-1b5a3182c1f7,La Aurora - Bomba Chilcas 1,ASSET_001,2025,12,1970-01-01 00:29:24.579420,,3589020
b0494190-a1dd-11ef-b067-1b5a3182c1f7,La Aurora - Bomba Chilcas 1,ASSET_001,2025,12,1970-01-01 00:29:24.579480,,3589020
b0494190-a1dd-11ef-b067-1b5a3182c1f7,La Aurora - Bomba Chilcas 1,ASSET_001,2025,12,1970-01-01 00:29:24.579540,,3589020
b0494190-a1dd-11ef-b067-1b5a3182c1f7,La Aurora - Bomba Chilcas 1,ASSET_001,2025,12,1970-01-01 00:29:24.579600,,3589020
b0494190-a1dd-11ef-b067-1b5a3182c1f7,La Aurora - Bomba Chilcas 1,ASSET_001,2025,12,1970-01-01 00:29:24.579660,,3589020
b0494190-a1dd-11ef-b067-1b5a3182c1f7,La Aurora - Bomba Chilcas 1,ASSET_001,2025,12,1970-01-01 00:29:24.579720,,3589020
b0494190-a1dd-11ef-b067-1b5a3182c1f7,La Aurora - Bomba Chilcas 1,ASSET_001,2025,12,1970-01-01 00:29:24.579780,,3589020
b0494190-a1dd-11ef-b067-1b5a3182c1f7,La Aurora - Bomba Chilcas 1,ASSET_001,2025,12,1970-01-01 00:29:24.579840,,3589020
b0494190-a1dd-11ef-b067-1b5a3182c1f7,La Aurora - Bomba Chilcas 1,ASSET_001,2025,12,1970-01-01 00:29:24.579900,,3589020
b0494190-a1dd-11ef-b067-1b5a3182c1f7,La Aurora - Bomba Chilcas 1,ASSET_001,2025,12,1970-01-01 00:29:24.579960,,3589020
b0494190-a1dd-11ef-b067-1b5a3182c1f7,La Aurora - Bomba Chilcas 1,ASSET_001,2025,12,1970-01-01 00:29:24.580020,,3589020
b0494190-a1dd-11ef-b067-1b5a3182c1f7,La Aurora - Bomba Chilcas 1,ASSET_001,2025,12,1970-01-01 00:29:24.580080,,3589020
b0494190-a1dd-11ef-b067-1b5a3182c1f7,La Aurora - Bomba Chilcas 1,ASSET_001,2025,12,1970-01-01 00:29:24.580140,,3589020
b0494190-a1dd-11ef-b067-1b5a3182c1f7,La Aurora - Bomba Chilcas 1,ASSET_001,2025,12,1970-01-01 00:29:24.580200,,3589020
b0494190-a1dd-11ef-b067-1b5a3182c1f7,La Aurora - Bomba Chilcas 1,ASSET_001,2025,12,1970-01-01 00:29:24.580260,,3589020
b0494190-a1dd-11ef-b067-1b5a3182c1f7,La Aurora - Bomba Chilcas 1,ASSET_001,2025,12,1970-01-01 00:29:24.580320,,3589020
b0494190-a1dd-11ef-b067-1b5a3182c1f7,La Aurora - Bomba Chilcas 1,ASSET_001,2025,12,1970-01-01 00:29:24.580380,,3589020
b0494190-a1dd-11ef-b067-1b5a3182c1f7,La Aurora - Bomba Chilcas 1,ASSET_001,2025,12,1970-01-01 00:29:24.580440,,3589020
b0494190-a1dd-11ef-b067-1b5a3182c1f7,La Aurora - Bomba Chilcas 1,ASSET_001,2025,12,1970-01-01 00:29:24.580500,,3589020
b0494190-a1dd-11ef-b067-1b5a3182c1f7,La Aurora - Bomba Chilcas 1,ASSET_001,2025,12,1970-01-01 00:29:24.580560,,3589020
b0494190-a1dd-11ef-b067-1b5a3182c1f7,La Aurora - Bomba Chilcas 1,ASSET_001,2025,12,1970-01-01 00:29:24.580620,,3589020
b0494190-a1dd-11ef-b067-1b5a3182c1f7,La Aurora - Bomba Chilcas 1,ASSET_001,2025,12,1970-01-01 00:29:24.580680,,3589020
b0494190-a1dd-11ef-b067-1b5a3182c1f7,La Aurora - Bomba Chilcas 1,ASSET_001,2025,12,1970-01-01 00:29:24.580740,,3589020
b0494190-a1dd-11ef-b067-1b5a3182c1f7,La Aurora - Bomba Chilcas 1,ASSET_001,2025,12,1970-01-01 00:29:24.580800,,3589020
b0494190-a1dd-11ef-b067-1b5a3182c1f7,La Aurora - Bomba Chilcas 1,ASSET_001,2025,12,1970-01-01 00:29:24.580860,,3589020
b0494190-a1dd-11ef-b067-1b5a3182c1f7,La Aurora - Bomba Chilcas 1,ASSET_001,2025,12,1970-01-01 00:29:24.580920,,3589020
b0494190-a1dd-11ef-b067-1b5a3182c1f7,La Aurora - Bomba Chilcas 1,ASSET_001,2025,12,1970-01-01 00:29:24.580980,,3589020
b0494190-a1dd-11ef-b067-1b5a3182c1f7,La Aurora - Bomba Chilcas 1,ASSET_001,2025,12,1970-01-01 00:29:24.581040,,3589020
b0494190-a1dd-11ef-b067-1b5a3182c1f7,La Aurora - Bomba Chilcas 1,ASSET_001,2025,12,1970-01-01 00:29:24.581100,,3589020
b0494190-a1dd-11ef-b067-1b5a3182c1f7,La Aurora - Bomba Chilcas 1,ASSET_001,2025,12,1970-01-01 00:29:24.581160,,3589020
b0494190-a1dd-11ef-b067-1b5a3182c1f7,La Aurora - Bomba Chilcas 1,ASSET_001,2025,12,1970-01-01 00:29:24.581220,,3589020
b0494190-a1dd-11ef-b067-1b5a3182c1f7,La Aurora - Bomba Chilcas 1,ASSET_001,2025,12,1970-01-01 00:29:24.581280,,3589020
b0494190-a1dd-11ef-b067-1b5a3182c1f7,La Aurora - Bomba Chilcas 1,ASSET_001,2025,12,1970-01-01 00:29:24.581340,,3589020
b0494190-a1dd-11ef-b067-1b5a3182c1f7,La Aurora - Bomba Chilcas 1,ASSET_001,2025,12,1970-01-01 00:29:24.581400,,3589020
b0494190-a1dd-11ef-b067-1b5a3182c1f7,La Aurora - Bomba Chilcas 1,ASSET_001,2025,12,1970-01-01 00:29:24.581460,,3589020
b0494190-a1dd-11ef-b067-1b5a3182c1f7,La Aurora - Bomba Chilcas 1,ASSET_001,2025,12,1970-01-01 00:29:24.581520,,3589020
b0494190-a1dd-11ef-b067-1b5a3182c1f7,La Aurora - Bomba Chilcas 1,ASSET_001,2025,12,1970-01-01 00:29:24.581580,,3589020
b0494190-a1dd-11ef-b067-1b5a3182c1f7,La Aurora - Bomba Chilcas 1,ASSET_001,2025,12,1970-01-01 00:29:24.581640,,3589020
b0494190-a1dd-11ef-b067-1b5a3182c1f7,La Aurora - Bomba Chilcas 1,ASSET_001,2025,12,1970-01-01 00:29:24.581700,,3589020
b0494190-a1dd-11ef-b067-1b5a3182c1f7,La Aurora - Bomba Chilcas 1,ASSET_001,2025,12,1970-01-01 00:29:24.581760,,3589020
b0494190-a1dd-11ef-b067-1b5a3182c1f7,La Aurora - Bomba Chilcas 1,ASSET_001,2025,12,1970-01-01 00:29:24.581820,,3589020
b0494190-a1dd-11ef-b067-1b5a3182c1f7,La Aurora - Bomba Chilcas 1,ASSET_001,2025,12,1970-01-01 00:29:24.581880,,3589020
b0494190-a1dd-11ef-b067-1b5a3182c1f7,La Aurora - Bomba Chilcas 1,ASSET_001,2025,12,1970-01-01 00:29:24.581940,,3589020
b0494190-a1dd-11ef-b067-1b5a3182c1f7,La Aurora - Bomba Chilcas 1,ASSET_001,2025,12,1970-01-01 00:29:24.582000,,3589020
b0494190-a1dd-11ef-b067-1b5a3182c1f7,La Aurora - Bomba Chilcas 1,ASSET_001,2025,12,1970-01-01 00:29:24.582060,,3589020
b0494190-a1dd-11ef-b067-1b5a3182c1f7,La Aurora - Bomba Chilcas 1,ASSET_001,2025,12,1970-01-01 00:29:24.582120,,3589020
b0494190-a1dd-11ef-b067-1b5a3182c1f7,La Aurora - Bomba Chilcas 1,ASSET_001,2025,12,1970-01-01 00:29:24.582180,,3589020
b0494190-a1dd-11ef-b067-1b5a3182c1f7,La Aurora - Bomba Chilcas 1,ASSET_001,2025,12,1970-01-01 00:29:24.582240,,3589020
b0494190-a1dd-11ef-b067-1b5a3182c1f7,La Aurora - Bomba Chilcas 1,ASSET_001,2025,12,1970-01-01 00:29:24.582300,,3589020
b0494190-a1dd-11ef-b067-1b5a3182c1f7,La Aurora - Bomba Chilcas 1,ASSET_001,2025,12,1970-01-01 00:29:24.582360,,3589020
b0494190-a1dd-11ef-b067-1b5a3182c1f7,La Aurora - Bomba Chilcas 1,ASSET_001,2025,12,1970-01-01 00:29:24.582420,,3589020
b0494190-a1dd-11ef-b067-1b5a3182c1f7,La Aurora - Bomba Chilcas 1,ASSET_001,2025,12,1970-01-01 00:29:24.582480,,3589020
b0494190-a1dd-11ef-b067-1b5a3182c1f7,La Aurora - Bomba Chilcas 1,ASSET_001,2025,12,1970-01-01 00:29:24.582540,,3589020
b0494190-a1dd-11ef-b067-1b5a3182c1f7,La Aurora - Bomba Chilcas 1,ASSET_001,2025,12,1970-01-01 00:29:24.582600,,3589020
b0494190-a1dd-11ef-b067-1b5a3182c1f7,La Aurora - Bomba Chilcas 1,ASSET_001,2025,12,1970-01-01 00:29:24.582660,,3589020
b0494190-a1dd-11ef-b067-1b5a3182c1f7,La Aurora - Bomba Chilcas 1,ASSET_001,2025,12,1970-01-01 00:29:24.582720,,3589020
b0494190-a1dd-11ef-b067-1b5a3182c1f7,La Aurora - Bomba Chilcas 1,ASSET_001,2025,12,1970-01-01 00:29:24.582780,,3589020
b0494190-a1dd-11ef-b067-1b5a3182c1f7,La Aurora - Bomba Chilcas 1,ASSET_001,2025,12,1970-01-01 00:29:24.582840,,3589020
b0494190-a1dd-11ef-b067-1b5a3182c1f7,La Aurora - Bomba Chilcas 1,ASSET_001,2025,12,1970-01-01 00:29:24.582900,,3589020
b0494190-a1dd-11ef-b067-1b5a3182c1f7,La Aurora - Bomba Chilcas 1,ASSET_001,2025,12,1970-01-01 00:29:24.582960,,3589020
b0494190-a1dd-11ef-b067-1b5a3182c1f7,La Aurora - Bomba Chilcas 1,ASSET_001,2025,12,1970-01-01 00:29:24.583020,,3589020
b0494190-a1dd-11ef-b067-1b5a3182c1f7,La Aurora - Bomba Chilcas 1,ASSET_001,2025,12,1970-01-01 00:29:24.583080,,3589020
b0494190-a1dd-11ef-b067-1b5a3182c1f7,La Aurora - Bomba Chilcas 1,ASSET_001,2025,12,1970-01-01 00:29:24.583140,,3589020
b0494190-a1dd-11ef-b067-1b5a3182c1f7,La Aurora - Bomba Chilcas 1,ASSET_001,2025,12,1970-01-01 00:29:24.583200,,3589020
b0494190-a1dd-11ef-b067-1b5a3182c1f7,La Aurora - Bomba Chilcas 1,ASSET_001,2025,12,1970-01-01 00:29:24.583260,,3589020
b0494190-a1dd-11ef-b067-1b5a3182c1f7,La Aurora - Bomba Chilcas 1,ASSET_001,2025,12,1970-01-01 00:29:24.583320,,3589020
b0494190-a1dd-11ef-b067-1b5a3182c1f7,La Aurora - Bomba Chilcas 1,ASSET_001,2025,12,1970-01-01 00:29:24.583380,,3589020
b0494190-a1dd-11ef-b067-1b5a3182c1f7,La Aurora - Bomba Chilcas 1,ASSET_001,2025,12,1970-01-01 00:29:24.583440,,3589020
b0494190-a1dd-11ef-b067-1b5a3182c1f7,La Aurora - Bomba Chilcas 1,ASSET_001,2025,12,1970-01-01 00:29:24.583500,,3589020
b0494190-a1dd-11ef-b067-1b5a3182c1f7,La Aurora - Bomba Chilcas 1,ASSET_001,2025,12,1970-01-01 00:29:24.583560,,3589020
b0494190-a1dd-11ef-b067-1b5a3182c1f7,La Aurora - Bomba Chilcas 1,ASSET_001,2025,12,1970-01-01 00:29:24.583620,,3589020
b0494190-a1dd-11ef-b067-1b5a3182c1f7,La Aurora - Bomba Chilcas 1,ASSET_001,2025,12,1970-01-01 00:29:24.583680,,3589020
b0494190-a1dd-11ef-b067-1b5a3182c1f7,La Aurora - Bomba Chilcas 1,ASSET_001,2025,12,1970-01-01 00:29:24.583740,,3589020
b0494190-a1dd-11ef-b067-1b5a3182c1f7,La Aurora - Bomba Chilcas 1,ASSET_001,2025,12,1970-01-01 00:29:24.583800,,3589020
b0494190-a1dd-11ef-b067-1b5a3182c1f7,La Aurora - Bomba Chilcas 1,ASSET_001,2025,12,1970-01-01 00:29:24.583860,,3589020
b0494190-a1dd-11ef-b067-1b5a3182c1f7,La Aurora - Bomba Chilcas 1,ASSET_001,2025,12,1970-01-01 00:29:24.583920,,3589020
b0494190-a1dd-11ef-b067-1b5a3182c1f7,La Aurora - Bomba Chilcas 1,ASSET_001,2025,12,1970-01-01 00:29:24.583980,,3589020
b0494190-a1dd-11ef-b067-1b5a3182c1f7,La Aurora - Bomba Chilcas 1,ASSET_001,2025,12,1970-01-01 00:29:24.584040,,3589020
b0494190-a1dd-11ef-b067-1b5a3182c1f7,La Aurora - Bomba Chilcas 1,ASSET_001,2025,12,1970-01-01 00:29:24.584100,,3589020
b0494190-a1dd-11ef-b067-1b5a3182c1f7,La Aurora - Bomba Chilcas 1,ASSET_001,2025,12,1970-01-01 00:29:24.584160,,3589020
b0494190-a1dd-11ef-b067-1b5a3182c1f7,La Aurora - Bomba Chilcas 1,ASSET_001,2025,12,1970-01-01 00:29:24.584220,,3589020
b0494190-a1dd-11ef-b067-1b5a3182c1f7,La Aurora - Bomba Chilcas 1,ASSET_001,2025,12,1970-01-01 00:29:24.584280,,3589020
b0494190-a1dd-11ef-b067-1b5a3182c1f7,La Aurora - Bomba Chilcas 1,ASSET_001,2025,12,1970-01-01 00:29:24.584340,,3589020
b0494190-a1dd-11ef-b067-1b5a3182c1f7,La Aurora - Bomba Chilcas 1,ASSET_001,2025,12,1970-01-01 00:29:24.584400,,3589020
b0494190-a1dd-11ef-b067-1b5a3182c1f7,La Aurora - Bomba Chilcas 1,ASSET_001,2025,12,1970-01-01 00:29:24.584460,,3589020
b0494190-a1dd-11ef-b067-1b5a3182c1f7,La Aurora - Bomba Chilcas 1,ASSET_001,2025,12,1970-01-01 00:29:24.584520,,3589020
b0494190-a1dd-11ef-b067-1b5a3182c1f7,La Aurora - Bomba Chilcas 1,ASSET_001,2025,12,1970-01-01 00:29:24.584580,,3589020
b0494190-a1dd-11ef-b067-1b5a3182c1f7,La Aurora - Bomba Chilcas 1,ASSET_001,2025,12,1970-01-01 00:29:24.584640,,3589020
b0494190-a1dd-11ef-b067-1b5a3182c1f7,La Aurora - Bomba Chilcas 1,ASSET_001,2025,12,1970-01-01 00:29:24.584700,,3589020
b0494190-a1dd-11ef-b067-1b5a3182c1f7,La Aurora - Bomba Chilcas 1,ASSET_001,2025,12,1970-01-01 00:29:24.584760,,3589020
b0494190-a1dd-11ef-b067-1b5a3182c1f7,La Aurora - Bomba Chilcas 1,ASSET_001,2025,12,1970-01-01 00:29:24.584820,,3589020
b0494190-a1dd-11ef-b067-1b5a3182c1f7,La Aurora - Bomba Chilcas 1,ASSET_001,2025,12,1970-01-01 00:29:24.584880,,3589020
b0494190-a1dd-11ef-b067-1b5a3182c1f7,La Aurora - Bomba Chilcas 1,ASSET_001,2025,12,1970-01-01 00:29:24.584940,,3589020
b0494190-a1dd-11ef-b067-1b5a3182c1f7,La Aurora - Bomba Chilcas 1,ASSET_001,2025,12,1970-01-01 00:29:24.585000,,3589020
b0494190-a1dd-11ef-b067-1b5a3182c1f7,La Aurora - Bomba Chilcas 1,ASSET_001,2025,12,1970-01-01 00:29:24.585060,,3589020
b0494190-a1dd-11ef-b067-1b5a3182c1f7,La Aurora - Bomba Chilcas 1,ASSET_001,2025,12,1970-01-01 00:29:24.585120,,3589020
b0494190-a1dd-11ef-b067-1b5a3182c1f7,La Aurora - Bomba Chilcas 1,ASSET_001,2025,12,1970-01-01 00:29:24.585180,,3589020
b0494190-a1dd-11ef-b067-1b5a3182c1f7,La Aurora - Bomba Chilcas 1,ASSET_001,2025,12,1970-01-01 00:29:24.585240,,3589020
b0494190-a1dd-11ef-b067-1b5a3182c1f7,La Aurora - Bomba Chilcas 1,ASSET_001,2025,12,1970-01-01 00:29:24.585300,,3589020
b0494190-a1dd-11ef-b067-1b5a3182c1f7,La Aurora - Bomba Chilcas 1,ASSET_001,2025,12,1970-01-01 00:29:24.585360,,3589020
b0494190-a1dd-11ef-b067-1b5a3182c1f7,La Aurora - Bomba Chilcas 1,ASSET_001,2025,12,1970-01-01 00:29:24.585420,,3589020
b0494190-a1dd-11ef-b067-1b5a3182c1f7,La Aurora - Bomba Chilcas 1,ASSET_001,2025,12,1970-01-01 00:29:24.585480,,3589020
b0494190-a1dd-11ef-b067-1b5a3182c1f7,La Aurora - Bomba Chilcas 1,ASSET_001,2025,12,1970-01-01 00:29:24.585540,,3589020
b0494190-a1dd-11ef-b067-1b5a3182c1f7,La Aurora - Bomba Chilcas 1,ASSET_001,2025,12,1970-01-01 00:29:24.585600,,3589020
b0494190-a1dd-11ef-b067-1b5a3182c1f7,La Aurora - Bomba Chilcas 1,ASSET_001,2025,12,1970-01-01 00:29:24.585660,,3589020
b0494190-a1dd-11ef-b067-1b5a3182c1f7,La Aurora - Bomba Chilcas 1,ASSET_001,2025,12,1970-01-01 00:29:24.585720,,3589020
b0494190-a1dd-11ef-b067-1b5a3182c1f7,La Aurora - Bomba Chilcas 1,ASSET_001,2025,12,1970-01-01 00:29:24.585780,,3589020
b0494190-a1dd-11ef-b067-1b5a3182c1f7,La Aurora - Bomba Chilcas 1,ASSET_001,2025,12,1970-01-01 00:29:24.585840,,3589020
b0494190-a1dd-11ef-b067-1b5a3182c1f7,La Aurora - Bomba Chilcas 1,ASSET_001,2025,12,1970-01-01 00:29:24.585900,,3589020
b0494190-a1dd-11ef-b067-1b5a3182c1f7,La Aurora - Bomba Chilcas 1,ASSET_001,2025,12,1970-01-01 00:29:24.585960,,3589020
b0494190-a1dd-11ef-b067-1b5a3182c1f7,La Aurora - Bomba Chilcas 1,ASSET_001,2025,12,1970-01-01 00:29:24.586020,,3589020
b0494190-a1dd-11ef-b067-1b5a3182c1f7,La Aurora - Bomba Chilcas 1,ASSET_001,2025,12,1970-01-01 00:29:24.586080,,3589020
b0494190-a1dd-11ef-b067-1b5a3182c1f7,La Aurora - Bomba Chilcas 1,ASSET_001,2025,12,1970-01-01 00:29:24.586140,,3589020
b0494190-a1dd-11ef-b067-1b5a3182c1f7,La Aurora - Bomba Chilcas 1,ASSET_001,2025,12,1970-01-01 00:29:24.586200,,3589020
b0494190-a1dd-11ef-b067-1b5a3182c1f7,La Aurora - Bomba Chilcas 1,ASSET_001,2025,12,1970-01-01 00:29:24.586260,,3589020
b0494190-a1dd-11ef-b067-1b5a3182c1f7,La Aurora - Bomba Chilcas 1,ASSET_001,2025,12,1970-01-01 00:29:24.586320,,3589020
b0494190-a1dd-11ef-b067-1b5a3182c1f7,La Aurora - Bomba Chilcas 1,ASSET_001,2025,12,1970-01-01 00:29:24.586380,,3589020
b0494190-a1dd-11ef-b067-1b5a3182c1f7,La Aurora - Bomba Chilcas 1,ASSET_001,2025,12,1970-01-01 00:29:24.586440,,3589020
b0494190-a1dd-11ef-b067-1b5a3182c1f7,La Aurora - Bomba Chilcas 1,ASSET_001,2025,12,1970-01-01 00:29:24.586500,,3589020
b0494190-a1dd-11ef-b067-1b5a3182c1f7,La Aurora - Bomba Chilcas 1,ASSET_001,2025,12,1970-01-01 00:29:24.586560,,3589020
b0494190-a1dd-11ef-b067-1b5a3182c1f7,La Aurora - Bomba Chilcas 1,ASSET_001,2025,12,1970-01-01 00:29:24.586620,,3589020
b0494190-a1dd-11ef-b067-1b5a3182c1f7,La Aurora - Bomba Chilcas 1,ASSET_001,2025,12,1970-01-01 00:29:24.586680,,3589020
b0494190-a1dd-11ef-b067-1b5a3182c1f7,La Aurora - Bomba Chilcas 1,ASSET_001,2025,12,1970-01-01 00:29:24.586740,,3589020
b0494190-a1dd-11ef-b067-1b5a3182c1f7,La Aurora - Bomba Chilcas 1,ASSET_001,2025,12,1970-01-01 00:29:24.586800,,3589020
b0494190-a1dd-11ef-b067-1b5a3182c1f7,La Aurora - Bomba Chilcas 1,ASSET_001,2025,12,1970-01-01 00:29:24.586860,,3589020
b0494190-a1dd-11ef-b067-1b5a3182c1f7,La Aurora - Bomba Chilcas 1,ASSET_001,2025,12,1970-01-01 00:29:24.586920,,3589020
b0494190-a1dd-11ef-b067-1b5a3182c1f7,La Aurora - Bomba Chilcas 1,ASSET_001,2025,12,1970-01-01 00:29:24.586980,,3589020
b0494190-a1dd-11ef-b067-1b5a3182c1f7,La Aurora - Bomba Chilcas 1,ASSET_001,2025,12,1970-01-01 00:29:24.587040,,3589020
b0494190-a1dd-11ef-b067-1b5a3182c1f7,La Aurora - Bomba Chilcas 1,ASSET_001,2025,12,1970-01-01 00:29:24.587100,,3589020
b0494190-a1dd-11ef-b067-1b5a3182c1f7,La Aurora - Bomba Chilcas 1,ASSET_001,2025,12,1970-01-01 00:29:24.587160,,3589020
b0494190-a1dd-11ef-b067-1b5a3182c1f7,La Aurora - Bomba Chilcas 1,ASSET_001,2025,12,1970-01-01 00:29:24.587220,,3589020
b0494190-a1dd-11ef-b067-1b5a3182c1f7,La Aurora - Bomba Chilcas 1,ASSET_001,2025,12,1970-01-01 00:29:24.587280,,3589020
b0494190-a1dd-11ef-b067-1b5a3182c1f7,La Aurora - Bomba Chilcas 1,ASSET_001,2025,12,1970-01-01 00:29:24.587340,,3589020
b0494190-a1dd-11ef-b067-1b5a3182c1f7,La Aurora - Bomba Chilcas 1,ASSET_001,2025,12,1970-01-01 00:29:24.587400,,3589020
b0494190-a1dd-11ef-b067-1b5a3182c1f7,La Aurora - Bomba Chilcas 1,ASSET_001,2025,12,1970-01-01 00:29:24.587460,,3589020
b0494190-a1dd-11ef-b067-1b5a3182c1f7,La Aurora - Bomba Chilcas 1,ASSET_001,2025,12,1970-01-01 00:29:24.587520,,3589020
b0494190-a1dd-11ef-b067-1b5a3182c1f7,La Aurora - Bomba Chilcas 1,ASSET_001,2025,12,1970-01-01 00:29:24.587580,,3589020
b0494190-a1dd-11ef-b067-1b5a3182c1f7,La Aurora - Bomba Chilcas 1,ASSET_001,2025,12,1970-01-01 00:29:24.587640,,3589020
b0494190-a1dd-11ef-b067-1b5a3182c1f7,La Aurora - Bomba Chilcas 1,ASSET_001,2025,12,1970-01-01 00:29:24.587700,,3589020
b0494190-a1dd-11ef-b067-1b5a3182c1f7,La Aurora - Bomba Chilcas 1,ASSET_001,2025,12,1970-01-01 00:29:24.587760,,3589020
b0494190-a1dd-11ef-b067-1b5a3182c1f7,La Aurora - Bomba Chilcas 1,ASSET_001,2025,12,1970-01-01 00:29:24.587820,,3589020
b0494190-a1dd-11ef-b067-1b5a3182c1f7,La Aurora - Bomba Chilcas 1,ASSET_001,2025,12,1970-01-01 00:29:24.587880,,3589020
b0494190-a1dd-11ef-b067-1b5a3182c1f7,La Aurora - Bomba Chilcas 1,ASSET_001,2025,12,1970-01-01 00:29:24.587940,,3589020
b0494190-a1dd-11ef-b067-1b5a3182c1f7,La Aurora - Bomba Chilcas 1,ASSET_001,2025,12,1970-01-01 00:29:24.588000,,3589020
b0494190-a1dd-11ef-b067-1b5a3182c1f7,La Aurora - Bomba Chilcas 1,ASSET_001,2025,12,1970-01-01 00:29:24.588060,,3589020
b0494190-a1dd-11ef-b067-1b5a3182c1f7,La Aurora - Bomba Chilcas 1,ASSET_001,2025,12,1970-01-01 00:29:24.588120,,3589020
