asset_id,asset_name,asset_label,year,month,ts,nivelEstanque,nivelPorcentual
52ae4960-c9c8-11ee-b546-799a8dee664b,La Aurora - Estanque principal,ASSET_001,2024,11,1970-01-01 00:28:50.430000,1.52,80.05
52ae4960-c9c8-11ee-b546-799a8dee664b,La Aurora - Estanque principal,ASSET_001,2024,11,1970-01-01 00:28:50.430060,1.53,80.41
52ae4960-c9c8-11ee-b546-799a8dee664b,La Aurora - Estanque principal,ASSET_001,2024,11,1970-01-01 00:28:50.430120,1.54,80.98
52ae4960-c9c8-11ee-b546-799a8dee664b,La Aurora - Estanque principal,ASSET_001,2024,11,1970-01-01 00:28:50.430180,1.54,81.28
52ae4960-c9c8-11ee-b546-799a8dee664b,La Aurora - Estanque principal,ASSET_001,2024,11,1970-01-01 00:28:50.430240,1.55,81.48
52ae4960-c9c8-11ee-b546-799a8dee664b,La Aurora - Estanque principal,ASSET_001,2024,11,1970-01-01 00:28:50.430300,1.57,82.49
52ae4960-c9c8-11ee-b546-799a8dee664b,La Aurora - Estanque principal,ASSET_001,2024,11,1970-01-01 00:28:50.430360,1.57,82.78
52ae4960-c9c8-11ee-b546-799a8dee664b,La Aurora - Estanque principal,ASSET_001,2024,11,1970-01-01 00:28:50.430420,1.58,83.28
52ae4960-c9c8-11ee-b546-799a8dee664b,La Aurora - Estanque principal,ASSET_001,2024,11,1970-01-01 00:28:50.430480,1.59,83.5
52ae4960-c9c8-11ee-b546-799a8dee664b,La Aurora - Estanque principal,ASSET_001,2024,11,1970-01-01 00:28:50.430540,1.6,84.29
52ae4960-c9c8-11ee-b546-799a8dee664b,La Aurora - Estanque principal,ASSET_001,2024,11,1970-01-01 00:28:50.430600,1.61,84.94
52ae4960-c9c8-11ee-b546-799a8dee664b,La Aurora - Estanque principal,ASSET_001,2024,11,1970-01-01 00:28:50.430660,1.63,85.88
52ae4960-c9c8-11ee-b546-799a8dee664b,La Aurora - Estanque principal,ASSET_001,2024,11,1970-01-01 00:28:50.430720,1.66,87.17
52ae4960-c9c8-11ee-b546-799a8dee664b,La Aurora - Estanque principal,ASSET_001,2024,11,1970-01-01 00:28:50.430780,1.68,88.6
52ae4960-c9c8-11ee-b546-799a8dee664b,La Aurora - Estanque principal,ASSET_001,2024,11,1970-01-01 00:28:50.430840,1.71,90.04
52ae4960-c9c8-11ee-b546-799a8dee664b,La Aurora - Estanque principal,ASSET_001,2024,11,1970-01-01 00:28:50.430900,1.73,91.12
52ae4960-c9c8-11ee-b546-799a8dee664b,La Aurora - Estanque principal,ASSET_001,2024,11,1970-01-01 00:28:50.430960,1.75,92.05
52ae4960-c9c8-11ee-b546-799a8dee664b,La Aurora - Estanque principal,ASSET_001,2024,11,1970-01-01 00:28:50.431020,1.76,92.63
52ae4960-c9c8-11ee-b546-799a8dee664b,La Aurora - Estanque principal,ASSET_001,2024,11,1970-01-01 00:28:50.431080,1.73,91.26
52ae4960-c9c8-11ee-b546-799a8dee664b,La Aurora - Estanque principal,ASSET_001,2024,11,1970-01-01 00:28:50.431140,1.7,89.68
52ae4960-c9c8-11ee-b546-799a8dee664b,La Aurora - Estanque principal,ASSET_001,2024,11,1970-01-01 00:28:50.431200,1.68,88.39
52ae4960-c9c8-11ee-b546-799a8dee664b,La Aurora - Estanque principal,ASSET_001,2024,11,1970-01-01 00:28:50.431260,1.65,86.8
52ae4960-c9c8-11ee-b546-799a8dee664b,La Aurora - Estanque principal,ASSET_001,2024,11,1970-01-01 00:28:50.431320,1.62,85.37
52ae4960-c9c8-11ee-b546-799a8dee664b,La Aurora - Estanque principal,ASSET_001,2024,11,1970-01-01 00:28:50.431380,1.6,84.15
52ae4960-c9c8-11ee-b546-799a8dee664b,La Aurora - Estanque principal,ASSET_001,2024,11,1970-01-01 00:28:50.431440,1.57,82.64
52ae4960-c9c8-11ee-b546-799a8dee664b,La Aurora - Estanque principal,ASSET_001,2024,11,1970-01-01 00:28:50.431500,1.55,81.35
52ae4960-c9c8-11ee-b546-799a8dee664b,La Aurora - Estanque principal,ASSET_001,2024,11,1970-01-01 00:28:50.431560,1.51,79.33
52ae4960-c9c8-11ee-b546-799a8dee664b,La Aurora - Estanque principal,ASSET_001,2024,11,1970-01-01 00:28:50.431620,1.48,78.11
52ae4960-c9c8-11ee-b546-799a8dee664b,La Aurora - Estanque principal,ASSET_001,2024,11,1970-01-01 00:28:50.431680,1.51,79.55
52ae4960-c9c8-11ee-b546-799a8dee664b,La Aurora - Estanque principal,ASSET_001,2024,11,1970-01-01 00:28:50.431740,1.54,80.84
52ae4960-c9c8-11ee-b546-799a8dee664b,La Aurora - Estanque principal,ASSET_001,2024,11,1970-01-01 00:28:50.431800,1.56,82.13
52ae4960-c9c8-11ee-b546-799a8dee664b,La Aurora - Estanque principal,ASSET_001,2024,11,1970-01-01 00:28:50.431860,1.59,83.43
52ae4960-c9c8-11ee-b546-799a8dee664b,La Aurora - Estanque principal,ASSET_001,2024,11,1970-01-01 00:28:50.431920,1.61,84.72
52ae4960-c9c8-11ee-b546-799a8dee664b,La Aurora - Estanque principal,ASSET_001,2024,11,1970-01-01 00:28:50.431980,1.63,85.88
52ae4960-c9c8-11ee-b546-799a8dee664b,La Aurora - Estanque principal,ASSET_001,2024,11,1970-01-01 00:28:50.432040,1.66,87.45
52ae4960-c9c8-11ee-b546-799a8dee664b,La Aurora - Estanque principal,ASSET_001,2024,11,1970-01-01 00:28:50.432100,1.68,88.46
52ae4960-c9c8-11ee-b546-799a8dee664b,La Aurora - Estanque principal,ASSET_001,2024,11,1970-01-01 00:28:50.432160,1.7,89.68
52ae4960-c9c8-11ee-b546-799a8dee664b,La Aurora - Estanque principal,ASSET_001,2024,11,1970-01-01 00:28:50.432220,1.73,90.91
52ae4960-c9c8-11ee-b546-799a8dee664b,La Aurora - Estanque principal,ASSET_001,2024,11,1970-01-01 00:28:50.432280,1.75,92.27
52ae4960-c9c8-11ee-b546-799a8dee664b,La Aurora - Estanque principal,ASSET_001,2024,11,1970-01-01 00:28:50.432340,1.77,93.06
52ae4960-c9c8-11ee-b546-799a8dee664b,La Aurora - Estanque principal,ASSET_001,2024,11,1970-01-01 00:28:50.432400,1.73,91.26
52ae4960-c9c8-11ee-b546-799a8dee664b,La Aurora - Estanque principal,ASSET_001,2024,11,1970-01-01 00:28:50.432460,1.71,90.04
52ae4960-c9c8-11ee-b546-799a8dee664b,La Aurora - Estanque principal,ASSET_001,2024,11,1970-01-01 00:28:50.432520,1.68,88.6
52ae4960-c9c8-11ee-b546-799a8dee664b,La Aurora - Estanque principal,ASSET_001,2024,11,1970-01-01 00:28:50.432580,1.65,87.02
52ae4960-c9c8-11ee-b546-799a8dee664b,La Aurora - Estanque principal,ASSET_001,2024,11,1970-01-01 00:28:50.432640,1.63,85.8
52ae4960-c9c8-11ee-b546-799a8dee664b,La Aurora - Estanque principal,ASSET_001,2024,11,1970-01-01 00:28:50.432700,1.64,86.45
52ae4960-c9c8-11ee-b546-799a8dee664b,La Aurora - Estanque principal,ASSET_001,2024,11,1970-01-01 00:28:50.432760,1.65,86.73
52ae4960-c9c8-11ee-b546-799a8dee664b,La Aurora - Estanque principal,ASSET_001,2024,11,1970-01-01 00:28:50.432820,1.66,87.38
52ae4960-c9c8-11ee-b546-799a8dee664b,La Aurora - Estanque principal,ASSET_001,2024,11,1970-01-01 00:28:50.432880,1.66,87.38
52ae4960-c9c8-11ee-b546-799a8dee664b,La Aurora - Estanque principal,ASSET_001,2024,11,1970-01-01 00:28:50.432940,1.67,87.89
52ae4960-c9c8-11ee-b546-799a8dee664b,La Aurora - Estanque principal,ASSET_001,2024,11,1970-01-01 00:28:50.433000,1.68,88.53
52ae4960-c9c8-11ee-b546-799a8dee664b,La Aurora - Estanque principal,ASSET_001,2024,11,1970-01-01 00:28:50.433060,1.68,88.68
52ae4960-c9c8-11ee-b546-799a8dee664b,La Aurora - Estanque principal,ASSET_001,2024,11,1970-01-01 00:28:50.433120,1.7,89.4
52ae4960-c9c8-11ee-b546-799a8dee664b,La Aurora - Estanque principal,ASSET_001,2024,11,1970-01-01 00:28:50.433180,1.7,89.61
52ae4960-c9c8-11ee-b546-799a8dee664b,La Aurora - Estanque principal,ASSET_001,2024,11,1970-01-01 00:28:50.433240,1.71,90.19
52ae4960-c9c8-11ee-b546-799a8dee664b,La Aurora - Estanque principal,ASSET_001,2024,11,1970-01-01 00:28:50.433300,1.72,90.54
52ae4960-c9c8-11ee-b546-799a8dee664b,La Aurora - Estanque principal,ASSET_001,2024,11,1970-01-01 00:28:50.433360,1.73,90.83
52ae4960-c9c8-11ee-b546-799a8dee664b,La Aurora - Estanque principal,ASSET_001,2024,11,1970-01-01 00:28:50.433420,1.73,91.26
52ae4960-c9c8-11ee-b546-799a8dee664b,La Aurora - Estanque principal,ASSET_001,2024,11,1970-01-01 00:28:50.433480,1.74,91.55
52ae4960-c9c8-11ee-b546-799a8dee664b,La Aurora - Estanque principal,ASSET_001,2024,11,1970-01-01 00:28:50.433540,1.75,91.9
52ae4960-c9c8-11ee-b546-799a8dee664b,La Aurora - Estanque principal,ASSET_001,2024,11,1970-01-01 00:28:50.433600,1.76,92.63
52ae4960-c9c8-11ee-b546-799a8dee664b,La Aurora - Estanque principal,ASSET_001,2024,11,1970-01-01 00:28:50.433660,1.76,92.77
52ae4960-c9c8-11ee-b546-799a8dee664b,La Aurora - Estanque principal,ASSET_001,2024,11,1970-01-01 00:28:50.433720,1.77,93.21
52ae4960-c9c8-11ee-b546-799a8dee664b,La Aurora - Estanque principal,ASSET_001,2024,11,1970-01-01 00:28:50.433780,1.78,93.78
52ae4960-c9c8-11ee-b546-799a8dee664b,La Aurora - Estanque principal,ASSET_001,2024,11,1970-01-01 00:28:50.433840,1.79,94.13
52ae4960-c9c8-11ee-b546-799a8dee664b,La Aurora - Estanque principal,ASSET_001,2024,11,1970-01-01 00:28:50.433900,1.8,94.5
52ae4960-c9c8-11ee-b546-799a8dee664b,La Aurora - Estanque principal,ASSET_001,2024,11,1970-01-01 00:28:50.433960,1.8,94.86
52ae4960-c9c8-11ee-b546-799a8dee664b,La Aurora - Estanque principal,ASSET_001,2024,11,1970-01-01 00:28:50.434020,1.81,95.51
52ae4960-c9c8-11ee-b546-799a8dee664b,La Aurora - Estanque principal,ASSET_001,2024,11,1970-01-01 00:28:50.434080,1.82,95.93
52ae4960-c9c8-11ee-b546-799a8dee664b,La Aurora - Estanque principal,ASSET_001,2024,11,1970-01-01 00:28:50.434140,1.83,96.43
52ae4960-c9c8-11ee-b546-799a8dee664b,La Aurora - Estanque principal,ASSET_001,2024,11,1970-01-01 00:28:50.434200,1.84,96.87
52ae4960-c9c8-11ee-b546-799a8dee664b,La Aurora - Estanque principal,ASSET_001,2024,11,1970-01-01 00:28:50.434260,1.85,97.22
52ae4960-c9c8-11ee-b546-799a8dee664b,La Aurora - Estanque principal,ASSET_001,2024,11,1970-01-01 00:28:50.434320,1.85,97.44
52ae4960-c9c8-11ee-b546-799a8dee664b,La Aurora - Estanque principal,ASSET_001,2024,11,1970-01-01 00:28:50.434380,1.86,98.09
52ae4960-c9c8-11ee-b546-799a8dee664b,La Aurora - Estanque principal,ASSET_001,2024,11,1970-01-01 00:28:50.434440,1.87,98.31
52ae4960-c9c8-11ee-b546-799a8dee664b,La Aurora - Estanque principal,ASSET_001,2024,11,1970-01-01 00:28:50.434500,1.88,98.95
52ae4960-c9c8-11ee-b546-799a8dee664b,La Aurora - Estanque principal,ASSET_001,2024,11,1970-01-01 00:28:50.434560,1.88,99.17
52ae4960-c9c8-11ee-b546-799a8dee664b,La Aurora - Estanque principal,ASSET_001,2024,11,1970-01-01 00:28:50.434620,1.89,99.6
52ae4960-c9c8-11ee-b546-799a8dee664b,La Aurora - Estanque principal,ASSET_001,2024,11,1970-01-01 00:28:50.434680,1.91,100.32
52ae4960-c9c8-11ee-b546-799a8dee664b,La Aurora - Estanque principal,ASSET_001,2024,11,1970-01-01 00:28:50.434740,1.91,100.32
52ae4960-c9c8-11ee-b546-799a8dee664b,La Aurora - Estanque principal,ASSET_001,2024,11,1970-01-01 00:28:50.434800,1.91,100.61
52ae4960-c9c8-11ee-b546-799a8dee664b,La Aurora - Estanque principal,ASSET_001,2024,11,1970-01-01 00:28:50.434860,1.91,100.32
52ae4960-c9c8-11ee-b546-799a8dee664b,La Aurora - Estanque principal,ASSET_001,2024,11,1970-01-01 00:28:50.434920,1.91,100.39
52ae4960-c9c8-11ee-b546-799a8dee664b,La Aurora - Estanque principal,ASSET_001,2024,11,1970-01-01 00:28:50.434980,1.9,100.24
52ae4960-c9c8-11ee-b546-799a8dee664b,La Aurora - Estanque principal,ASSET_001,2024,11,1970-01-01 00:28:50.435040,1.91,100.46
52ae4960-c9c8-11ee-b546-799a8dee664b,La Aurora - Estanque principal,ASSET_001,2024,11,1970-01-01 00:28:50.435100,1.91,100.53
52ae4960-c9c8-11ee-b546-799a8dee664b,La Aurora - Estanque principal,ASSET_001,2024,11,1970-01-01 00:28:50.435160,1.91,100.61
52ae4960-c9c8-11ee-b546-799a8dee664b,La Aurora - Estanque principal,ASSET_001,2024,11,1970-01-01 00:28:50.435220,1.91,100.53
52ae4960-c9c8-11ee-b546-799a8dee664b,La Aurora - Estanque principal,ASSET_001,2024,11,1970-01-01 00:28:50.435280,1.91,100.53
52ae4960-c9c8-11ee-b546-799a8dee664b,La Aurora - Estanque principal,ASSET_001,2024,11,1970-01-01 00:28:50.435340,1.91,100.53
52ae4960-c9c8-11ee-b546-799a8dee664b,La Aurora - Estanque principal,ASSET_001,2024,11,1970-01-01 00:28:50.435400,1.91,100.46
52ae4960-c9c8-11ee-b546-799a8dee664b,La Aurora - Estanque principal,ASSET_001,2024,11,1970-01-01 00:28:50.435460,1.91,100.46
52ae4960-c9c8-11ee-b546-799a8dee664b,La Aurora - Estanque principal,ASSET_001,2024,11,1970-01-01 00:28:50.435520,1.9,100.04
52ae4960-c9c8-11ee-b546-799a8dee664b,La Aurora - Estanque principal,ASSET_001,2024,11,1970-01-01 00:28:50.435580,1.86,97.81
52ae4960-c9c8-11ee-b546-799a8dee664b,La Aurora - Estanque principal,ASSET_001,2024,11,1970-01-01 00:28:50.435640,1.82,95.79
52ae4960-c9c8-11ee-b546-799a8dee664b,La Aurora - Estanque principal,ASSET_001,2024,11,1970-01-01 00:28:50.435700,1.79,94.07
52ae4960-c9c8-11ee-b546-799a8dee664b,La Aurora - Estanque principal,ASSET_001,2024,11,1970-01-01 00:28:50.435760,1.75,91.9
52ae4960-c9c8-11ee-b546-799a8dee664b,La Aurora - Estanque principal,ASSET_001,2024,11,1970-01-01 00:28:50.435820,1.71,90.26
52ae4960-c9c8-11ee-b546-799a8dee664b,La Aurora - Estanque principal,ASSET_001,2024,11,1970-01-01 00:28:50.435880,1.68,88.24
52ae4960-c9c8-11ee-b546-799a8dee664b,La Aurora - Estanque principal,ASSET_001,2024,11,1970-01-01 00:28:50.435940,1.63,86.01
52ae4960-c9c8-11ee-b546-799a8dee664b,La Aurora - Estanque principal,ASSET_001,2024,11,1970-01-01 00:28:50.436000,1.59,83.71
52ae4960-c9c8-11ee-b546-799a8dee664b,La Aurora - Estanque principal,ASSET_001,2024,11,1970-01-01 00:28:50.436060,1.55,81.48
52ae4960-c9c8-11ee-b546-799a8dee664b,La Aurora - Estanque principal,ASSET_001,2024,11,1970-01-01 00:28:50.436120,1.5,79.12
52ae4960-c9c8-11ee-b546-799a8dee664b,La Aurora - Estanque principal,ASSET_001,2024,11,1970-01-01 00:28:50.436180,1.46,77.1
52ae4960-c9c8-11ee-b546-799a8dee664b,La Aurora - Estanque principal,ASSET_001,2024,11,1970-01-01 00:28:50.436240,1.47,77.61
52ae4960-c9c8-11ee-b546-799a8dee664b,La Aurora - Estanque principal,ASSET_001,2024,11,1970-01-01 00:28:50.436300,1.49,78.26
52ae4960-c9c8-11ee-b546-799a8dee664b,La Aurora - Estanque principal,ASSET_001,2024,11,1970-01-01 00:28:50.436360,1.5,78.76
52ae4960-c9c8-11ee-b546-799a8dee664b,La Aurora - Estanque principal,ASSET_001,2024,11,1970-01-01 00:28:50.436420,1.51,79.33
52ae4960-c9c8-11ee-b546-799a8dee664b,La Aurora - Estanque principal,ASSET_001,2024,11,1970-01-01 00:28:50.436480,1.52,79.84
52ae4960-c9c8-11ee-b546-799a8dee664b,La Aurora - Estanque principal,ASSET_001,2024,11,1970-01-01 00:28:50.436540,1.52,80.19
52ae4960-c9c8-11ee-b546-799a8dee664b,La Aurora - Estanque principal,ASSET_001,2024,11,1970-01-01 00:28:50.436600,1.53,80.77
52ae4960-c9c8-11ee-b546-799a8dee664b,La Aurora - Estanque principal,ASSET_001,2024,11,1970-01-01 00:28:50.436660,1.55,81.35
52ae4960-c9c8-11ee-b546-799a8dee664b,La Aurora - Estanque principal,ASSET_001,2024,11,1970-01-01 00:28:50.436720,1.56,81.85
52ae4960-c9c8-11ee-b546-799a8dee664b,La Aurora - Estanque principal,ASSET_001,2024,11,1970-01-01 00:28:50.436780,1.56,82.28
52ae4960-c9c8-11ee-b546-799a8dee664b,La Aurora - Estanque principal,ASSET_001,2024,11,1970-01-01 00:28:50.436840,1.57,82.86
52ae4960-c9c8-11ee-b546-799a8dee664b,La Aurora - Estanque principal,ASSET_001,2024,11,1970-01-01 00:28:50.436900,1.58,83.21
52ae4960-c9c8-11ee-b546-799a8dee664b,La Aurora - Estanque principal,ASSET_001,2024,11,1970-01-01 00:28:50.436960,1.59,83.71
52ae4960-c9c8-11ee-b546-799a8dee664b,La Aurora - Estanque principal,ASSET_001,2024,11,1970-01-01 00:28:50.437020,1.6,84.29
52ae4960-c9c8-11ee-b546-799a8dee664b,La Aurora - Estanque principal,ASSET_001,2024,11,1970-01-01 00:28:50.437080,1.61,84.58
52ae4960-c9c8-11ee-b546-799a8dee664b,La Aurora - Estanque principal,ASSET_001,2024,11,1970-01-01 00:28:50.437140,1.62,85.09
52ae4960-c9c8-11ee-b546-799a8dee664b,La Aurora - Estanque principal,ASSET_001,2024,11,1970-01-01 00:28:50.437200,1.63,85.66
52ae4960-c9c8-11ee-b546-799a8dee664b,La Aurora - Estanque principal,ASSET_001,2024,11,1970-01-01 00:28:50.437260,1.63,86.01
52ae4960-c9c8-11ee-b546-799a8dee664b,La Aurora - Estanque principal,ASSET_001,2024,11,1970-01-01 00:28:50.437320,1.65,86.6
52ae4960-c9c8-11ee-b546-799a8dee664b,La Aurora - Estanque principal,ASSET_001,2024,11,1970-01-01 00:28:50.437380,1.65,87.09
52ae4960-c9c8-11ee-b546-799a8dee664b,La Aurora - Estanque principal,ASSET_001,2024,11,1970-01-01 00:28:50.437440,1.66,87.59
52ae4960-c9c8-11ee-b546-799a8dee664b,La Aurora - Estanque principal,ASSET_001,2024,11,1970-01-01 00:28:50.437500,1.68,88.24
52ae4960-c9c8-11ee-b546-799a8dee664b,La Aurora - Estanque principal,ASSET_001,2024,11,1970-01-01 00:28:50.437560,1.68,88.6
52ae4960-c9c8-11ee-b546-799a8dee664b,La Aurora - Estanque principal,ASSET_001,2024,11,1970-01-01 00:28:50.437620,1.69,88.89
52ae4960-c9c8-11ee-b546-799a8dee664b,La Aurora - Estanque principal,ASSET_001,2024,11,1970-01-01 00:28:50.437680,1.7,89.32
52ae4960-c9c8-11ee-b546-799a8dee664b,La Aurora - Estanque principal,ASSET_001,2024,11,1970-01-01 00:28:50.437740,1.71,90.04
52ae4960-c9c8-11ee-b546-799a8dee664b,La Aurora - Estanque principal,ASSET_001,2024,11,1970-01-01 00:28:50.437800,1.72,90.33
52ae4960-c9c8-11ee-b546-799a8dee664b,La Aurora - Estanque principal,ASSET_001,2024,11,1970-01-01 00:28:50.437860,1.73,90.83
52ae4960-c9c8-11ee-b546-799a8dee664b,La Aurora - Estanque principal,ASSET_001,2024,11,1970-01-01 00:28:50.437920,1.73,91.19
52ae4960-c9c8-11ee-b546-799a8dee664b,La Aurora - Estanque principal,ASSET_001,2024,11,1970-01-01 00:28:50.437980,1.74,91.62
52ae4960-c9c8-11ee-b546-799a8dee664b,La Aurora - Estanque principal,ASSET_001,2024,11,1970-01-01 00:28:50.438040,1.75,92.2
52ae4960-c9c8-11ee-b546-799a8dee664b,La Aurora - Estanque principal,ASSET_001,2024,11,1970-01-01 00:28:50.438100,1.76,92.49
52ae4960-c9c8-11ee-b546-799a8dee664b,La Aurora - Estanque principal,ASSET_001,2024,11,1970-01-01 00:28:50.438160,1.77,92.91
52ae4960-c9c8-11ee-b546-799a8dee664b,La Aurora - Estanque principal,ASSET_001,2024,11,1970-01-01 00:28:50.438220,1.73,91.26
52ae4960-c9c8-11ee-b546-799a8dee664b,La Aurora - Estanque principal,ASSET_001,2024,11,1970-01-01 00:28:50.438280,1.69,89.18
52ae4960-c9c8-11ee-b546-799a8dee664b,La Aurora - Estanque principal,ASSET_001,2024,11,1970-01-01 00:28:50.438340,1.65,86.88
52ae4960-c9c8-11ee-b546-799a8dee664b,La Aurora - Estanque principal,ASSET_001,2024,11,1970-01-01 00:28:50.438400,1.61,84.72
52ae4960-c9c8-11ee-b546-799a8dee664b,La Aurora - Estanque principal,ASSET_001,2024,11,1970-01-01 00:28:50.438460,1.57,82.42
52ae4960-c9c8-11ee-b546-799a8dee664b,La Aurora - Estanque principal,ASSET_001,2024,11,1970-01-01 00:28:50.438520,1.53,80.34
52ae4960-c9c8-11ee-b546-799a8dee664b,La Aurora - Estanque principal,ASSET_001,2024,11,1970-01-01 00:28:50.438580,1.48,77.97
52ae4960-c9c8-11ee-b546-799a8dee664b,La Aurora - Estanque principal,ASSET_001,2024,11,1970-01-01 00:28:50.438640,1.49,78.61
52ae4960-c9c8-11ee-b546-799a8dee664b,La Aurora - Estanque principal,ASSET_001,2024,11,1970-01-01 00:28:50.438700,1.51,79.33
52ae4960-c9c8-11ee-b546-799a8dee664b,La Aurora - Estanque principal,ASSET_001,2024,11,1970-01-01 00:28:50.438760,1.51,79.69
52ae4960-c9c8-11ee-b546-799a8dee664b,La Aurora - Estanque principal,ASSET_001,2024,11,1970-01-01 00:28:50.438820,1.53,80.34
52ae4960-c9c8-11ee-b546-799a8dee664b,La Aurora - Estanque principal,ASSET_001,2024,11,1970-01-01 00:28:50.438880,1.53,80.69
52ae4960-c9c8-11ee-b546-799a8dee664b,La Aurora - Estanque principal,ASSET_001,2024,11,1970-01-01 00:28:50.438940,1.54,81.13
52ae4960-c9c8-11ee-b546-799a8dee664b,La Aurora - Estanque principal,ASSET_001,2024,11,1970-01-01 00:28:50.439000,1.55,81.7
52ae4960-c9c8-11ee-b546-799a8dee664b,La Aurora - Estanque principal,ASSET_001,2024,11,1970-01-01 00:28:50.439060,1.56,82.28
52ae4960-c9c8-11ee-b546-799a8dee664b,La Aurora - Estanque principal,ASSET_001,2024,11,1970-01-01 00:28:50.439120,1.57,82.86
52ae4960-c9c8-11ee-b546-799a8dee664b,La Aurora - Estanque principal,ASSET_001,2024,11,1970-01-01 00:28:50.439180,1.59,83.5
52ae4960-c9c8-11ee-b546-799a8dee664b,La Aurora - Estanque principal,ASSET_001,2024,11,1970-01-01 00:28:50.439240,1.59,83.86
52ae4960-c9c8-11ee-b546-799a8dee664b,La Aurora - Estanque principal,ASSET_001,2024,11,1970-01-01 00:28:50.439300,1.61,84.5
52ae4960-c9c8-11ee-b546-799a8dee664b,La Aurora - Estanque principal,ASSET_001,2024,11,1970-01-01 00:28:50.439360,1.61,84.72
52ae4960-c9c8-11ee-b546-799a8dee664b,La Aurora - Estanque principal,ASSET_001,2024,11,1970-01-01 00:28:50.439420,1.62,85.44
52ae4960-c9c8-11ee-b546-799a8dee664b,La Aurora - Estanque principal,ASSET_001,2024,11,1970-01-01 00:28:50.439480,1.63,85.88
52ae4960-c9c8-11ee-b546-799a8dee664b,La Aurora - Estanque principal,ASSET_001,2024,11,1970-01-01 00:28:50.439540,1.64,86.45
52ae4960-c9c8-11ee-b546-799a8dee664b,La Aurora - Estanque principal,ASSET_001,2024,11,1970-01-01 00:28:50.439600,1.65,86.73
52ae4960-c9c8-11ee-b546-799a8dee664b,La Aurora - Estanque principal,ASSET_001,2024,11,1970-01-01 00:28:50.439660,1.66,87.24
52ae4960-c9c8-11ee-b546-799a8dee664b,La Aurora - Estanque principal,ASSET_001,2024,11,1970-01-01 00:28:50.439720,1.67,87.81
52ae4960-c9c8-11ee-b546-799a8dee664b,La Aurora - Estanque principal,ASSET_001,2024,11,1970-01-01 00:28:50.439780,1.68,88.39
52ae4960-c9c8-11ee-b546-799a8dee664b,La Aurora - Estanque principal,ASSET_001,2024,11,1970-01-01 00:28:50.439840,1.68,88.68
52ae4960-c9c8-11ee-b546-799a8dee664b,La Aurora - Estanque principal,ASSET_001,2024,11,1970-01-01 00:28:50.439900,1.69,89.1
52ae4960-c9c8-11ee-b546-799a8dee664b,La Aurora - Estanque principal,ASSET_001,2024,11,1970-01-01 00:28:50.439960,1.71,89.75
52ae4960-c9c8-11ee-b546-799a8dee664b,La Aurora - Estanque principal,ASSET_001,2024,11,1970-01-01 00:28:50.440020,1.71,90.11
52ae4960-c9c8-11ee-b546-799a8dee664b,La Aurora - Estanque principal,ASSET_001,2024,11,1970-01-01 00:28:50.440080,1.72,90.61
52ae4960-c9c8-11ee-b546-799a8dee664b,La Aurora - Estanque principal,ASSET_001,2024,11,1970-01-01 00:28:50.440140,1.74,91.33
52ae4960-c9c8-11ee-b546-799a8dee664b,La Aurora - Estanque principal,ASSET_001,2024,11,1970-01-01 00:28:50.440200,1.75,92.34
52ae4960-c9c8-11ee-b546-799a8dee664b,La Aurora - Estanque principal,ASSET_001,2024,11,1970-01-01 00:28:50.440260,1.76,92.77
52ae4960-c9c8-11ee-b546-799a8dee664b,La Aurora - Estanque principal,ASSET_001,2024,11,1970-01-01 00:28:50.440320,1.73,91.26
52ae4960-c9c8-11ee-b546-799a8dee664b,La Aurora - Estanque principal,ASSET_001,2024,11,1970-01-01 00:28:50.440380,1.7,89.61
52ae4960-c9c8-11ee-b546-799a8dee664b,La Aurora - Estanque principal,ASSET_001,2024,11,1970-01-01 00:28:50.440440,1.68,88.24
52ae4960-c9c8-11ee-b546-799a8dee664b,La Aurora - Estanque principal,ASSET_001,2024,11,1970-01-01 00:28:50.440500,1.65,86.8
52ae4960-c9c8-11ee-b546-799a8dee664b,La Aurora - Estanque principal,ASSET_001,2024,11,1970-01-01 00:28:50.440560,1.62,85.44
52ae4960-c9c8-11ee-b546-799a8dee664b,La Aurora - Estanque principal,ASSET_001,2024,11,1970-01-01 00:28:50.440620,1.61,84.5
52ae4960-c9c8-11ee-b546-799a8dee664b,La Aurora - Estanque principal,ASSET_001,2024,11,1970-01-01 00:28:50.440680,1.61,84.79
52ae4960-c9c8-11ee-b546-799a8dee664b,La Aurora - Estanque principal,ASSET_001,2024,11,1970-01-01 00:28:50.440740,1.62,85.22
52ae4960-c9c8-11ee-b546-799a8dee664b,La Aurora - Estanque principal,ASSET_001,2024,11,1970-01-01 00:28:50.440800,1.63,85.66
52ae4960-c9c8-11ee-b546-799a8dee664b,La Aurora - Estanque principal,ASSET_001,2024,11,1970-01-01 00:28:50.440860,1.63,86.01
52ae4960-c9c8-11ee-b546-799a8dee664b,La Aurora - Estanque principal,ASSET_001,2024,11,1970-01-01 00:28:50.440920,1.65,86.6
52ae4960-c9c8-11ee-b546-799a8dee664b,La Aurora - Estanque principal,ASSET_001,2024,11,1970-01-01 00:28:50.440980,1.65,87.02
52ae4960-c9c8-11ee-b546-799a8dee664b,La Aurora - Estanque principal,ASSET_001,2024,11,1970-01-01 00:28:50.441040,1.66,87.17
52ae4960-c9c8-11ee-b546-799a8dee664b,La Aurora - Estanque principal,ASSET_001,2024,11,1970-01-01 00:28:50.441100,1.67,87.81
52ae4960-c9c8-11ee-b546-799a8dee664b,La Aurora - Estanque principal,ASSET_001,2024,11,1970-01-01 00:28:50.441160,1.68,88.17
52ae4960-c9c8-11ee-b546-799a8dee664b,La Aurora - Estanque principal,ASSET_001,2024,11,1970-01-01 00:28:50.441220,1.68,88.53
52ae4960-c9c8-11ee-b546-799a8dee664b,La Aurora - Estanque principal,ASSET_001,2024,11,1970-01-01 00:28:50.441280,1.69,89.18
52ae4960-c9c8-11ee-b546-799a8dee664b,La Aurora - Estanque principal,ASSET_001,2024,11,1970-01-01 00:28:50.441340,1.7,89.32
52ae4960-c9c8-11ee-b546-799a8dee664b,La Aurora - Estanque principal,ASSET_001,2024,11,1970-01-01 00:28:50.441400,1.71,89.82
52ae4960-c9c8-11ee-b546-799a8dee664b,La Aurora - Estanque principal,ASSET_001,2024,11,1970-01-01 00:28:50.441460,1.71,90.19
52ae4960-c9c8-11ee-b546-799a8dee664b,La Aurora - Estanque principal,ASSET_001,2024,11,1970-01-01 00:28:50.441520,1.72,90.69
52ae4960-c9c8-11ee-b546-799a8dee664b,La Aurora - Estanque principal,ASSET_001,2024,11,1970-01-01 00:28:50.441580,1.73,90.98
52ae4960-c9c8-11ee-b546-799a8dee664b,La Aurora - Estanque principal,ASSET_001,2024,11,1970-01-01 00:28:50.441640,1.74,91.7
52ae4960-c9c8-11ee-b546-799a8dee664b,La Aurora - Estanque principal,ASSET_001,2024,11,1970-01-01 00:28:50.441700,1.75,91.9
52ae4960-c9c8-11ee-b546-799a8dee664b,La Aurora - Estanque principal,ASSET_001,2024,11,1970-01-01 00:28:50.441760,1.76,92.41
52ae4960-c9c8-11ee-b546-799a8dee664b,La Aurora - Estanque principal,ASSET_001,2024,11,1970-01-01 00:28:50.441820,1.76,92.77
52ae4960-c9c8-11ee-b546-799a8dee664b,La Aurora - Estanque principal,ASSET_001,2024,11,1970-01-01 00:28:50.441880,1.77,93.21
52ae4960-c9c8-11ee-b546-799a8dee664b,La Aurora - Estanque principal,ASSET_001,2024,11,1970-01-01 00:28:50.441940,1.78,93.49
52ae4960-c9c8-11ee-b546-799a8dee664b,La Aurora - Estanque principal,ASSET_001,2024,11,1970-01-01 00:28:50.442000,1.79,94.0
52ae4960-c9c8-11ee-b546-799a8dee664b,La Aurora - Estanque principal,ASSET_001,2024,11,1970-01-01 00:28:50.442060,1.79,94.42
52ae4960-c9c8-11ee-b546-799a8dee664b,La Aurora - Estanque principal,ASSET_001,2024,11,1970-01-01 00:28:50.442120,1.8,94.79
52ae4960-c9c8-11ee-b546-799a8dee664b,La Aurora - Estanque principal,ASSET_001,2024,11,1970-01-01 00:28:50.442180,1.81,95.36
52ae4960-c9c8-11ee-b546-799a8dee664b,La Aurora - Estanque principal,ASSET_001,2024,11,1970-01-01 00:28:50.442240,1.82,95.58
52ae4960-c9c8-11ee-b546-799a8dee664b,La Aurora - Estanque principal,ASSET_001,2024,11,1970-01-01 00:28:50.442300,1.83,96.08
52ae4960-c9c8-11ee-b546-799a8dee664b,La Aurora - Estanque principal,ASSET_001,2024,11,1970-01-01 00:28:50.442360,1.84,96.72
52ae4960-c9c8-11ee-b546-799a8dee664b,La Aurora - Estanque principal,ASSET_001,2024,11,1970-01-01 00:28:50.442420,1.84,96.8
52ae4960-c9c8-11ee-b546-799a8dee664b,La Aurora - Estanque principal,ASSET_001,2024,11,1970-01-01 00:28:50.442480,1.85,97.37
52ae4960-c9c8-11ee-b546-799a8dee664b,La Aurora - Estanque principal,ASSET_001,2024,11,1970-01-01 00:28:50.442540,1.86,97.87
52ae4960-c9c8-11ee-b546-799a8dee664b,La Aurora - Estanque principal,ASSET_001,2024,11,1970-01-01 00:28:50.442600,1.87,98.16
52ae4960-c9c8-11ee-b546-799a8dee664b,La Aurora - Estanque principal,ASSET_001,2024,11,1970-01-01 00:28:50.442660,1.87,98.53
52ae4960-c9c8-11ee-b546-799a8dee664b,La Aurora - Estanque principal,ASSET_001,2024,11,1970-01-01 00:28:50.442720,1.88,98.95
52ae4960-c9c8-11ee-b546-799a8dee664b,La Aurora - Estanque principal,ASSET_001,2024,11,1970-01-01 00:28:50.442780,1.89,99.38
52ae4960-c9c8-11ee-b546-799a8dee664b,La Aurora - Estanque principal,ASSET_001,2024,11,1970-01-01 00:28:50.442840,1.9,99.82
52ae4960-c9c8-11ee-b546-799a8dee664b,La Aurora - Estanque principal,ASSET_001,2024,11,1970-01-01 00:28:50.442900,1.91,100.46
52ae4960-c9c8-11ee-b546-799a8dee664b,La Aurora - Estanque principal,ASSET_001,2024,11,1970-01-01 00:28:50.442960,1.92,100.83
52ae4960-c9c8-11ee-b546-799a8dee664b,La Aurora - Estanque principal,ASSET_001,2024,11,1970-01-01 00:28:50.443020,1.91,100.68
52ae4960-c9c8-11ee-b546-799a8dee664b,La Aurora - Estanque principal,ASSET_001,2024,11,1970-01-01 00:28:50.443080,1.91,100.75
52ae4960-c9c8-11ee-b546-799a8dee664b,La Aurora - Estanque principal,ASSET_001,2024,11,1970-01-01 00:28:50.443140,1.91,100.68
52ae4960-c9c8-11ee-b546-799a8dee664b,La Aurora - Estanque principal,ASSET_001,2024,11,1970-01-01 00:28:50.443200,1.92,100.83
52ae4960-c9c8-11ee-b546-799a8dee664b,La Aurora - Estanque principal,ASSET_001,2024,11,1970-01-01 00:28:50.443260,1.92,100.83
52ae4960-c9c8-11ee-b546-799a8dee664b,La Aurora - Estanque principal,ASSET_001,2024,11,1970-01-01 00:28:50.443320,1.91,100.75
52ae4960-c9c8-11ee-b546-799a8dee664b,La Aurora - Estanque principal,ASSET_001,2024,11,1970-01-01 00:28:50.443380,1.92,101.03
52ae4960-c9c8-11ee-b546-799a8dee664b,La Aurora - Estanque principal,ASSET_001,2024,11,1970-01-01 00:28:50.443440,1.91,100.75
52ae4960-c9c8-11ee-b546-799a8dee664b,La Aurora - Estanque principal,ASSET_001,2024,11,1970-01-01 00:28:50.443500,1.91,100.75
52ae4960-c9c8-11ee-b546-799a8dee664b,La Aurora - Estanque principal,ASSET_001,2024,11,1970-01-01 00:28:50.443560,1.92,100.83
52ae4960-c9c8-11ee-b546-799a8dee664b,La Aurora - Estanque principal,ASSET_001,2024,11,1970-01-01 00:28:50.443620,1.91,100.61
52ae4960-c9c8-11ee-b546-799a8dee664b,La Aurora - Estanque principal,ASSET_001,2024,11,1970-01-01 00:28:50.443680,1.92,100.96
52ae4960-c9c8-11ee-b546-799a8dee664b,La Aurora - Estanque principal,ASSET_001,2024,11,1970-01-01 00:28:50.443740,1.91,100.75
52ae4960-c9c8-11ee-b546-799a8dee664b,La Aurora - Estanque principal,ASSET_001,2024,11,1970-01-01 00:28:50.443800,1.91,100.61
52ae4960-c9c8-11ee-b546-799a8dee664b,La Aurora - Estanque principal,ASSET_001,2024,11,1970-01-01 00:28:50.443860,1.92,100.83
52ae4960-c9c8-11ee-b546-799a8dee664b,La Aurora - Estanque principal,ASSET_001,2024,11,1970-01-01 00:28:50.443920,1.91,100.68
52ae4960-c9c8-11ee-b546-799a8dee664b,La Aurora - Estanque principal,ASSET_001,2024,11,1970-01-01 00:28:50.443980,1.91,100.61
52ae4960-c9c8-11ee-b546-799a8dee664b,La Aurora - Estanque principal,ASSET_001,2024,11,1970-01-01 00:28:50.444040,1.92,100.89
52ae4960-c9c8-11ee-b546-799a8dee664b,La Aurora - Estanque principal,ASSET_001,2024,11,1970-01-01 00:28:50.444100,1.92,100.96
52ae4960-c9c8-11ee-b546-799a8dee664b,La Aurora - Estanque principal,ASSET_001,2024,11,1970-01-01 00:28:50.444160,1.92,100.89
52ae4960-c9c8-11ee-b546-799a8dee664b,La Aurora - Estanque principal,ASSET_001,2024,11,1970-01-01 00:28:50.444220,1.92,100.89
52ae4960-c9c8-11ee-b546-799a8dee664b,La Aurora - Estanque principal,ASSET_001,2024,11,1970-01-01 00:28:50.444280,1.92,100.83
52ae4960-c9c8-11ee-b546-799a8dee664b,La Aurora - Estanque principal,ASSET_001,2024,11,1970-01-01 00:28:50.444340,1.92,100.83
52ae4960-c9c8-11ee-b546-799a8dee664b,La Aurora - Estanque principal,ASSET_001,2024,11,1970-01-01 00:28:50.444400,1.91,100.68
52ae4960-c9c8-11ee-b546-799a8dee664b,La Aurora - Estanque principal,ASSET_001,2024,11,1970-01-01 00:28:50.444460,1.92,100.96
52ae4960-c9c8-11ee-b546-799a8dee664b,La Aurora - Estanque principal,ASSET_001,2024,11,1970-01-01 00:28:50.444520,1.91,100.75
52ae4960-c9c8-11ee-b546-799a8dee664b,La Aurora - Estanque principal,ASSET_001,2024,11,1970-01-01 00:28:50.444580,1.92,100.83
52ae4960-c9c8-11ee-b546-799a8dee664b,La Aurora - Estanque principal,ASSET_001,2024,11,1970-01-01 00:28:50.444640,1.92,100.96
52ae4960-c9c8-11ee-b546-799a8dee664b,La Aurora - Estanque principal,ASSET_001,2024,11,1970-01-01 00:28:50.444700,1.88,98.81
52ae4960-c9c8-11ee-b546-799a8dee664b,La Aurora - Estanque principal,ASSET_001,2024,11,1970-01-01 00:28:50.444760,1.84,96.58
52ae4960-c9c8-11ee-b546-799a8dee664b,La Aurora - Estanque principal,ASSET_001,2024,11,1970-01-01 00:28:50.444820,1.8,94.86
52ae4960-c9c8-11ee-b546-799a8dee664b,La Aurora - Estanque principal,ASSET_001,2024,11,1970-01-01 00:28:50.444880,1.76,92.84
52ae4960-c9c8-11ee-b546-799a8dee664b,La Aurora - Estanque principal,ASSET_001,2024,11,1970-01-01 00:28:50.444940,1.73,91.12
52ae4960-c9c8-11ee-b546-799a8dee664b,La Aurora - Estanque principal,ASSET_001,2024,11,1970-01-01 00:28:50.445000,1.69,88.96
52ae4960-c9c8-11ee-b546-799a8dee664b,La Aurora - Estanque principal,ASSET_001,2024,11,1970-01-01 00:28:50.445060,1.65,87.02
52ae4960-c9c8-11ee-b546-799a8dee664b,La Aurora - Estanque principal,ASSET_001,2024,11,1970-01-01 00:28:50.445120,1.62,85.15
52ae4960-c9c8-11ee-b546-799a8dee664b,La Aurora - Estanque principal,ASSET_001,2024,11,1970-01-01 00:28:50.445180,1.59,83.71
52ae4960-c9c8-11ee-b546-799a8dee664b,La Aurora - Estanque principal,ASSET_001,2024,11,1970-01-01 00:28:50.445240,1.56,82.2
52ae4960-c9c8-11ee-b546-799a8dee664b,La Aurora - Estanque principal,ASSET_001,2024,11,1970-01-01 00:28:50.445300,1.53,80.77
52ae4960-c9c8-11ee-b546-799a8dee664b,La Aurora - Estanque principal,ASSET_001,2024,11,1970-01-01 00:28:50.445360,1.51,79.4
52ae4960-c9c8-11ee-b546-799a8dee664b,La Aurora - Estanque principal,ASSET_001,2024,11,1970-01-01 00:28:50.445420,1.48,77.75
52ae4960-c9c8-11ee-b546-799a8dee664b,La Aurora - Estanque principal,ASSET_001,2024,11,1970-01-01 00:28:50.445480,1.5,78.83
52ae4960-c9c8-11ee-b546-799a8dee664b,La Aurora - Estanque principal,ASSET_001,2024,11,1970-01-01 00:28:50.445540,1.52,80.12
52ae4960-c9c8-11ee-b546-799a8dee664b,La Aurora - Estanque principal,ASSET_001,2024,11,1970-01-01 00:28:50.445600,1.55,81.48
52ae4960-c9c8-11ee-b546-799a8dee664b,La Aurora - Estanque principal,ASSET_001,2024,11,1970-01-01 00:28:50.445660,1.57,82.78
52ae4960-c9c8-11ee-b546-799a8dee664b,La Aurora - Estanque principal,ASSET_001,2024,11,1970-01-01 00:28:50.445720,1.59,83.93
52ae4960-c9c8-11ee-b546-799a8dee664b,La Aurora - Estanque principal,ASSET_001,2024,11,1970-01-01 00:28:50.445780,1.62,85.37
52ae4960-c9c8-11ee-b546-799a8dee664b,La Aurora - Estanque principal,ASSET_001,2024,11,1970-01-01 00:28:50.445840,1.65,86.6
52ae4960-c9c8-11ee-b546-799a8dee664b,La Aurora - Estanque principal,ASSET_001,2024,11,1970-01-01 00:28:50.445900,1.67,87.89
52ae4960-c9c8-11ee-b546-799a8dee664b,La Aurora - Estanque principal,ASSET_001,2024,11,1970-01-01 00:28:50.445960,1.69,89.18
52ae4960-c9c8-11ee-b546-799a8dee664b,La Aurora - Estanque principal,ASSET_001,2024,11,1970-01-01 00:28:50.446020,1.7,89.68
52ae4960-c9c8-11ee-b546-799a8dee664b,La Aurora - Estanque principal,ASSET_001,2024,11,1970-01-01 00:28:50.446080,1.71,90.04
52ae4960-c9c8-11ee-b546-799a8dee664b,La Aurora - Estanque principal,ASSET_001,2024,11,1970-01-01 00:28:50.446140,1.72,90.54
52ae4960-c9c8-11ee-b546-799a8dee664b,La Aurora - Estanque principal,ASSET_001,2024,11,1970-01-01 00:28:50.446200,1.73,91.12
52ae4960-c9c8-11ee-b546-799a8dee664b,La Aurora - Estanque principal,ASSET_001,2024,11,1970-01-01 00:28:50.446260,1.74,91.4
52ae4960-c9c8-11ee-b546-799a8dee664b,La Aurora - Estanque principal,ASSET_001,2024,11,1970-01-01 00:28:50.446320,1.74,91.84
52ae4960-c9c8-11ee-b546-799a8dee664b,La Aurora - Estanque principal,ASSET_001,2024,11,1970-01-01 00:28:50.446380,1.75,92.34
52ae4960-c9c8-11ee-b546-799a8dee664b,La Aurora - Estanque principal,ASSET_001,2024,11,1970-01-01 00:28:50.446440,1.76,92.77
52ae4960-c9c8-11ee-b546-799a8dee664b,La Aurora - Estanque principal,ASSET_001,2024,11,1970-01-01 00:28:50.446500,1.77,93.28
52ae4960-c9c8-11ee-b546-799a8dee664b,La Aurora - Estanque principal,ASSET_001,2024,11,1970-01-01 00:28:50.446560,1.73,91.12
52ae4960-c9c8-11ee-b546-799a8dee664b,La Aurora - Estanque principal,ASSET_001,2024,11,1970-01-01 00:28:50.446620,1.69,88.82
52ae4960-c9c8-11ee-b546-799a8dee664b,La Aurora - Estanque principal,ASSET_001,2024,11,1970-01-01 00:28:50.446680,1.65,86.66
52ae4960-c9c8-11ee-b546-799a8dee664b,La Aurora - Estanque principal,ASSET_001,2024,11,1970-01-01 00:28:50.446740,1.6,84.43
52ae4960-c9c8-11ee-b546-799a8dee664b,La Aurora - Estanque principal,ASSET_001,2024,11,1970-01-01 00:28:50.446800,1.56,81.99
52ae4960-c9c8-11ee-b546-799a8dee664b,La Aurora - Estanque principal,ASSET_001,2024,11,1970-01-01 00:28:50.446860,1.52,79.84
52ae4960-c9c8-11ee-b546-799a8dee664b,La Aurora - Estanque principal,ASSET_001,2024,11,1970-01-01 00:28:50.446920,1.49,78.54
52ae4960-c9c8-11ee-b546-799a8dee664b,La Aurora - Estanque principal,ASSET_001,2024,11,1970-01-01 00:28:50.446980,1.51,79.47
52ae4960-c9c8-11ee-b546-799a8dee664b,La Aurora - Estanque principal,ASSET_001,2024,11,1970-01-01 00:28:50.447040,1.52,79.84
52ae4960-c9c8-11ee-b546-799a8dee664b,La Aurora - Estanque principal,ASSET_001,2024,11,1970-01-01 00:28:50.447100,1.53,80.34
52ae4960-c9c8-11ee-b546-799a8dee664b,La Aurora - Estanque principal,ASSET_001,2024,11,1970-01-01 00:28:50.447160,1.54,80.91
52ae4960-c9c8-11ee-b546-799a8dee664b,La Aurora - Estanque principal,ASSET_001,2024,11,1970-01-01 00:28:50.447220,1.55,81.35
52ae4960-c9c8-11ee-b546-799a8dee664b,La Aurora - Estanque principal,ASSET_001,2024,11,1970-01-01 00:28:50.447280,1.56,81.85
52ae4960-c9c8-11ee-b546-799a8dee664b,La Aurora - Estanque principal,ASSET_001,2024,11,1970-01-01 00:28:50.447340,1.56,82.28
52ae4960-c9c8-11ee-b546-799a8dee664b,La Aurora - Estanque principal,ASSET_001,2024,11,1970-01-01 00:28:50.447400,1.57,82.71
52ae4960-c9c8-11ee-b546-799a8dee664b,La Aurora - Estanque principal,ASSET_001,2024,11,1970-01-01 00:28:50.447460,1.58,83.28
52ae4960-c9c8-11ee-b546-799a8dee664b,La Aurora - Estanque principal,ASSET_001,2024,11,1970-01-01 00:28:50.447520,1.59,83.64
52ae4960-c9c8-11ee-b546-799a8dee664b,La Aurora - Estanque principal,ASSET_001,2024,11,1970-01-01 00:28:50.447580,1.61,84.65
52ae4960-c9c8-11ee-b546-799a8dee664b,La Aurora - Estanque principal,ASSET_001,2024,11,1970-01-01 00:28:50.447640,1.65,86.95
52ae4960-c9c8-11ee-b546-799a8dee664b,La Aurora - Estanque principal,ASSET_001,2024,11,1970-01-01 00:28:50.447700,1.69,89.1
52ae4960-c9c8-11ee-b546-799a8dee664b,La Aurora - Estanque principal,ASSET_001,2024,11,1970-01-01 00:28:50.447760,1.74,91.7
52ae4960-c9c8-11ee-b546-799a8dee664b,La Aurora - Estanque principal,ASSET_001,2024,11,1970-01-01 00:28:50.447820,1.78,93.85
52ae4960-c9c8-11ee-b546-799a8dee664b,La Aurora - Estanque principal,ASSET_001,2024,11,1970-01-01 00:28:50.447880,1.78,93.49
52ae4960-c9c8-11ee-b546-799a8dee664b,La Aurora - Estanque principal,ASSET_001,2024,11,1970-01-01 00:28:50.447940,1.77,93.21
52ae4960-c9c8-11ee-b546-799a8dee664b,La Aurora - Estanque principal,ASSET_001,2024,11,1970-01-01 00:28:50.448000,1.76,92.7
52ae4960-c9c8-11ee-b546-799a8dee664b,La Aurora - Estanque principal,ASSET_001,2024,11,1970-01-01 00:28:50.448060,1.76,92.41
52ae4960-c9c8-11ee-b546-799a8dee664b,La Aurora - Estanque principal,ASSET_001,2024,11,1970-01-01 00:28:50.448120,1.75,91.98
52ae4960-c9c8-11ee-b546-799a8dee664b,La Aurora - Estanque principal,ASSET_001,2024,11,1970-01-01 00:28:50.448180,1.74,91.62
52ae4960-c9c8-11ee-b546-799a8dee664b,La Aurora - Estanque principal,ASSET_001,2024,11,1970-01-01 00:28:50.448240,1.74,91.4
52ae4960-c9c8-11ee-b546-799a8dee664b,La Aurora - Estanque principal,ASSET_001,2024,11,1970-01-01 00:28:50.448300,1.73,90.91
52ae4960-c9c8-11ee-b546-799a8dee664b,La Aurora - Estanque principal,ASSET_001,2024,11,1970-01-01 00:28:50.448360,1.72,90.69
52ae4960-c9c8-11ee-b546-799a8dee664b,La Aurora - Estanque principal,ASSET_001,2024,11,1970-01-01 00:28:50.448420,1.71,90.26
52ae4960-c9c8-11ee-b546-799a8dee664b,La Aurora - Estanque principal,ASSET_001,2024,11,1970-01-01 00:28:50.448480,1.71,89.82
52ae4960-c9c8-11ee-b546-799a8dee664b,La Aurora - Estanque principal,ASSET_001,2024,11,1970-01-01 00:28:50.448540,1.7,89.4
52ae4960-c9c8-11ee-b546-799a8dee664b,La Aurora - Estanque principal,ASSET_001,2024,11,1970-01-01 00:28:50.448600,1.69,89.18
52ae4960-c9c8-11ee-b546-799a8dee664b,La Aurora - Estanque principal,ASSET_001,2024,11,1970-01-01 00:28:50.448660,1.69,88.89
52ae4960-c9c8-11ee-b546-799a8dee664b,La Aurora - Estanque principal,ASSET_001,2024,11,1970-01-01 00:28:50.448720,1.68,88.46
52ae4960-c9c8-11ee-b546-799a8dee664b,La Aurora - Estanque principal,ASSET_001,2024,11,1970-01-01 00:28:50.448780,1.67,88.03
52ae4960-c9c8-11ee-b546-799a8dee664b,La Aurora - Estanque principal,ASSET_001,2024,11,1970-01-01 00:28:50.448840,1.67,87.81
52ae4960-c9c8-11ee-b546-799a8dee664b,La Aurora - Estanque principal,ASSET_001,2024,11,1970-01-01 00:28:50.448900,1.66,87.52
52ae4960-c9c8-11ee-b546-799a8dee664b,La Aurora - Estanque principal,ASSET_001,2024,11,1970-01-01 00:28:50.448960,1.66,87.17
52ae4960-c9c8-11ee-b546-799a8dee664b,La Aurora - Estanque principal,ASSET_001,2024,11,1970-01-01 00:28:50.449020,1.65,86.6
52ae4960-c9c8-11ee-b546-799a8dee664b,La Aurora - Estanque principal,ASSET_001,2024,11,1970-01-01 00:28:50.449080,1.64,86.23
52ae4960-c9c8-11ee-b546-799a8dee664b,La Aurora - Estanque principal,ASSET_001,2024,11,1970-01-01 00:28:50.449140,1.63,86.01
52ae4960-c9c8-11ee-b546-799a8dee664b,La Aurora - Estanque principal,ASSET_001,2024,11,1970-01-01 00:28:50.449200,1.63,85.73
52ae4960-c9c8-11ee-b546-799a8dee664b,La Aurora - Estanque principal,ASSET_001,2024,11,1970-01-01 00:28:50.449260,1.62,85.22
52ae4960-c9c8-11ee-b546-799a8dee664b,La Aurora - Estanque principal,ASSET_001,2024,11,1970-01-01 00:28:50.449320,1.62,85.01
52ae4960-c9c8-11ee-b546-799a8dee664b,La Aurora - Estanque principal,ASSET_001,2024,11,1970-01-01 00:28:50.449380,1.61,84.58
52ae4960-c9c8-11ee-b546-799a8dee664b,La Aurora - Estanque principal,ASSET_001,2024,11,1970-01-01 00:28:50.449440,1.6,84.29
52ae4960-c9c8-11ee-b546-799a8dee664b,La Aurora - Estanque principal,ASSET_001,2024,11,1970-01-01 00:28:50.449500,1.59,83.93
52ae4960-c9c8-11ee-b546-799a8dee664b,La Aurora - Estanque principal,ASSET_001,2024,11,1970-01-01 00:28:50.449560,1.59,83.43
52ae4960-c9c8-11ee-b546-799a8dee664b,La Aurora - Estanque principal,ASSET_001,2024,11,1970-01-01 00:28:50.449620,1.58,83.14
52ae4960-c9c8-11ee-b546-799a8dee664b,La Aurora - Estanque principal,ASSET_001,2024,11,1970-01-01 00:28:50.449680,1.57,82.71
52ae4960-c9c8-11ee-b546-799a8dee664b,La Aurora - Estanque principal,ASSET_001,2024,11,1970-01-01 00:28:50.449740,1.57,82.57
52ae4960-c9c8-11ee-b546-799a8dee664b,La Aurora - Estanque principal,ASSET_001,2024,11,1970-01-01 00:28:50.449800,1.56,82.2
52ae4960-c9c8-11ee-b546-799a8dee664b,La Aurora - Estanque principal,ASSET_001,2024,11,1970-01-01 00:28:50.449860,1.55,81.7
52ae4960-c9c8-11ee-b546-799a8dee664b,La Aurora - Estanque principal,ASSET_001,2024,11,1970-01-01 00:28:50.449920,1.55,81.41
52ae4960-c9c8-11ee-b546-799a8dee664b,La Aurora - Estanque principal,ASSET_001,2024,11,1970-01-01 00:28:50.449980,1.54,81.06
52ae4960-c9c8-11ee-b546-799a8dee664b,La Aurora - Estanque principal,ASSET_001,2024,11,1970-01-01 00:28:50.450040,1.53,80.69
52ae4960-c9c8-11ee-b546-799a8dee664b,La Aurora - Estanque principal,ASSET_001,2024,11,1970-01-01 00:28:50.450100,1.53,80.34
52ae4960-c9c8-11ee-b546-799a8dee664b,La Aurora - Estanque principal,ASSET_001,2024,11,1970-01-01 00:28:50.450160,1.52,79.9
52ae4960-c9c8-11ee-b546-799a8dee664b,La Aurora - Estanque principal,ASSET_001,2024,11,1970-01-01 00:28:50.450220,1.51,79.55
52ae4960-c9c8-11ee-b546-799a8dee664b,La Aurora - Estanque principal,ASSET_001,2024,11,1970-01-01 00:28:50.450280,1.5,79.18
52ae4960-c9c8-11ee-b546-799a8dee664b,La Aurora - Estanque principal,ASSET_001,2024,11,1970-01-01 00:28:50.450340,1.5,78.97
52ae4960-c9c8-11ee-b546-799a8dee664b,La Aurora - Estanque principal,ASSET_001,2024,11,1970-01-01 00:28:50.450400,1.5,78.76
52ae4960-c9c8-11ee-b546-799a8dee664b,La Aurora - Estanque principal,ASSET_001,2024,11,1970-01-01 00:28:50.450460,1.55,81.48
52ae4960-c9c8-11ee-b546-799a8dee664b,La Aurora - Estanque principal,ASSET_001,2024,11,1970-01-01 00:28:50.450520,1.59,83.93
52ae4960-c9c8-11ee-b546-799a8dee664b,La Aurora - Estanque principal,ASSET_001,2024,11,1970-01-01 00:28:50.450580,1.64,86.45
52ae4960-c9c8-11ee-b546-799a8dee664b,La Aurora - Estanque principal,ASSET_001,2024,11,1970-01-01 00:28:50.450640,1.68,88.24
52ae4960-c9c8-11ee-b546-799a8dee664b,La Aurora - Estanque principal,ASSET_001,2024,11,1970-01-01 00:28:50.450700,1.68,88.39
52ae4960-c9c8-11ee-b546-799a8dee664b,La Aurora - Estanque principal,ASSET_001,2024,11,1970-01-01 00:28:50.450760,1.69,89.03
52ae4960-c9c8-11ee-b546-799a8dee664b,La Aurora - Estanque principal,ASSET_001,2024,11,1970-01-01 00:28:50.450820,1.7,89.4
52ae4960-c9c8-11ee-b546-799a8dee664b,La Aurora - Estanque principal,ASSET_001,2024,11,1970-01-01 00:28:50.450880,1.71,90.11
52ae4960-c9c8-11ee-b546-799a8dee664b,La Aurora - Estanque principal,ASSET_001,2024,11,1970-01-01 00:28:50.450940,1.74,91.48
52ae4960-c9c8-11ee-b546-799a8dee664b,La Aurora - Estanque principal,ASSET_001,2024,11,1970-01-01 00:28:50.451000,1.76,92.63
52ae4960-c9c8-11ee-b546-799a8dee664b,La Aurora - Estanque principal,ASSET_001,2024,11,1970-01-01 00:28:50.451060,1.78,93.63
52ae4960-c9c8-11ee-b546-799a8dee664b,La Aurora - Estanque principal,ASSET_001,2024,11,1970-01-01 00:28:50.451120,1.75,92.05
52ae4960-c9c8-11ee-b546-799a8dee664b,La Aurora - Estanque principal,ASSET_001,2024,11,1970-01-01 00:28:50.451180,1.73,90.83
52ae4960-c9c8-11ee-b546-799a8dee664b,La Aurora - Estanque principal,ASSET_001,2024,11,1970-01-01 00:28:50.451240,1.69,89.18
52ae4960-c9c8-11ee-b546-799a8dee664b,La Aurora - Estanque principal,ASSET_001,2024,11,1970-01-01 00:28:50.451300,1.67,87.74
52ae4960-c9c8-11ee-b546-799a8dee664b,La Aurora - Estanque principal,ASSET_001,2024,11,1970-01-01 00:28:50.451360,1.64,86.3
52ae4960-c9c8-11ee-b546-799a8dee664b,La Aurora - Estanque principal,ASSET_001,2024,11,1970-01-01 00:28:50.451420,1.61,84.65
52ae4960-c9c8-11ee-b546-799a8dee664b,La Aurora - Estanque principal,ASSET_001,2024,11,1970-01-01 00:28:50.451480,1.58,83.21
52ae4960-c9c8-11ee-b546-799a8dee664b,La Aurora - Estanque principal,ASSET_001,2024,11,1970-01-01 00:28:50.451540,1.56,81.92
52ae4960-c9c8-11ee-b546-799a8dee664b,La Aurora - Estanque principal,ASSET_001,2024,11,1970-01-01 00:28:50.451600,1.53,80.41
52ae4960-c9c8-11ee-b546-799a8dee664b,La Aurora - Estanque principal,ASSET_001,2024,11,1970-01-01 00:28:50.451660,1.5,78.97
52ae4960-c9c8-11ee-b546-799a8dee664b,La Aurora - Estanque principal,ASSET_001,2024,11,1970-01-01 00:28:50.451720,1.52,79.77
52ae4960-c9c8-11ee-b546-799a8dee664b,La Aurora - Estanque principal,ASSET_001,2024,11,1970-01-01 00:28:50.451780,1.55,81.35
52ae4960-c9c8-11ee-b546-799a8dee664b,La Aurora - Estanque principal,ASSET_001,2024,11,1970-01-01 00:28:50.451840,1.57,82.64
52ae4960-c9c8-11ee-b546-799a8dee664b,La Aurora - Estanque principal,ASSET_001,2024,11,1970-01-01 00:28:50.451900,1.59,83.78
52ae4960-c9c8-11ee-b546-799a8dee664b,La Aurora - Estanque principal,ASSET_001,2024,11,1970-01-01 00:28:50.451960,1.62,85.22
52ae4960-c9c8-11ee-b546-799a8dee664b,La Aurora - Estanque principal,ASSET_001,2024,11,1970-01-01 00:28:50.452020,1.64,86.3
52ae4960-c9c8-11ee-b546-799a8dee664b,La Aurora - Estanque principal,ASSET_001,2024,11,1970-01-01 00:28:50.452080,1.66,87.45
52ae4960-c9c8-11ee-b546-799a8dee664b,La Aurora - Estanque principal,ASSET_001,2024,11,1970-01-01 00:28:50.452140,1.7,89.61
52ae4960-c9c8-11ee-b546-799a8dee664b,La Aurora - Estanque principal,ASSET_001,2024,11,1970-01-01 00:28:50.452200,1.76,92.77
52ae4960-c9c8-11ee-b546-799a8dee664b,La Aurora - Estanque principal,ASSET_001,2024,11,1970-01-01 00:28:50.452260,1.79,94.13
52ae4960-c9c8-11ee-b546-799a8dee664b,La Aurora - Estanque principal,ASSET_001,2024,11,1970-01-01 00:28:50.452320,1.8,94.64
52ae4960-c9c8-11ee-b546-799a8dee664b,La Aurora - Estanque principal,ASSET_001,2024,11,1970-01-01 00:28:50.452380,1.8,94.86
52ae4960-c9c8-11ee-b546-799a8dee664b,La Aurora - Estanque principal,ASSET_001,2024,11,1970-01-01 00:28:50.452440,1.81,95.51
52ae4960-c9c8-11ee-b546-799a8dee664b,La Aurora - Estanque principal,ASSET_001,2024,11,1970-01-01 00:28:50.452500,1.82,95.72
52ae4960-c9c8-11ee-b546-799a8dee664b,La Aurora - Estanque principal,ASSET_001,2024,11,1970-01-01 00:28:50.452560,1.83,96.15
52ae4960-c9c8-11ee-b546-799a8dee664b,La Aurora - Estanque principal,ASSET_001,2024,11,1970-01-01 00:28:50.452620,1.84,96.65
52ae4960-c9c8-11ee-b546-799a8dee664b,La Aurora - Estanque principal,ASSET_001,2024,11,1970-01-01 00:28:50.452680,1.85,97.15
52ae4960-c9c8-11ee-b546-799a8dee664b,La Aurora - Estanque principal,ASSET_001,2024,11,1970-01-01 00:28:50.452740,1.85,97.52
52ae4960-c9c8-11ee-b546-799a8dee664b,La Aurora - Estanque principal,ASSET_001,2024,11,1970-01-01 00:28:50.452800,1.86,97.81
52ae4960-c9c8-11ee-b546-799a8dee664b,La Aurora - Estanque principal,ASSET_001,2024,11,1970-01-01 00:28:50.452860,1.87,98.31
52ae4960-c9c8-11ee-b546-799a8dee664b,La Aurora - Estanque principal,ASSET_001,2024,11,1970-01-01 00:28:50.452920,1.88,98.73
52ae4960-c9c8-11ee-b546-799a8dee664b,La Aurora - Estanque principal,ASSET_001,2024,11,1970-01-01 00:28:50.452980,1.88,99.1
52ae4960-c9c8-11ee-b546-799a8dee664b,La Aurora - Estanque principal,ASSET_001,2024,11,1970-01-01 00:28:50.453040,1.89,99.6
52ae4960-c9c8-11ee-b546-799a8dee664b,La Aurora - Estanque principal,ASSET_001,2024,11,1970-01-01 00:28:50.453100,1.91,100.32
52ae4960-c9c8-11ee-b546-799a8dee664b,La Aurora - Estanque principal,ASSET_001,2024,11,1970-01-01 00:28:50.453160,1.91,100.53
52ae4960-c9c8-11ee-b546-799a8dee664b,La Aurora - Estanque principal,ASSET_001,2024,11,1970-01-01 00:28:50.453220,1.91,100.61
52ae4960-c9c8-11ee-b546-799a8dee664b,La Aurora - Estanque principal,ASSET_001,2024,11,1970-01-01 00:28:50.453280,1.91,100.68
52ae4960-c9c8-11ee-b546-799a8dee664b,La Aurora - Estanque principal,ASSET_001,2024,11,1970-01-01 00:28:50.453340,1.92,100.83
52ae4960-c9c8-11ee-b546-799a8dee664b,La Aurora - Estanque principal,ASSET_001,2024,11,1970-01-01 00:28:50.453400,1.91,100.68
52ae4960-c9c8-11ee-b546-799a8dee664b,La Aurora - Estanque principal,ASSET_001,2024,11,1970-01-01 00:28:50.453460,1.92,101.11
52ae4960-c9c8-11ee-b546-799a8dee664b,La Aurora - Estanque principal,ASSET_001,2024,11,1970-01-01 00:28:50.453520,1.92,100.96
52ae4960-c9c8-11ee-b546-799a8dee664b,La Aurora - Estanque principal,ASSET_001,2024,11,1970-01-01 00:28:50.453580,1.92,101.03
52ae4960-c9c8-11ee-b546-799a8dee664b,La Aurora - Estanque principal,ASSET_001,2024,11,1970-01-01 00:28:50.453640,1.92,100.89
52ae4960-c9c8-11ee-b546-799a8dee664b,La Aurora - Estanque principal,ASSET_001,2024,11,1970-01-01 00:28:50.453700,1.91,100.53
52ae4960-c9c8-11ee-b546-799a8dee664b,La Aurora - Estanque principal,ASSET_001,2024,11,1970-01-01 00:28:50.453760,1.91,100.75
52ae4960-c9c8-11ee-b546-799a8dee664b,La Aurora - Estanque principal,ASSET_001,2024,11,1970-01-01 00:28:50.453820,1.91,100.46
52ae4960-c9c8-11ee-b546-799a8dee664b,La Aurora - Estanque principal,ASSET_001,2024,11,1970-01-01 00:28:50.453880,1.91,100.75
52ae4960-c9c8-11ee-b546-799a8dee664b,La Aurora - Estanque principal,ASSET_001,2024,11,1970-01-01 00:28:50.453940,1.92,100.96
52ae4960-c9c8-11ee-b546-799a8dee664b,La Aurora - Estanque principal,ASSET_001,2024,11,1970-01-01 00:28:50.454000,1.92,100.96
52ae4960-c9c8-11ee-b546-799a8dee664b,La Aurora - Estanque principal,ASSET_001,2024,11,1970-01-01 00:28:50.454060,1.91,100.32
52ae4960-c9c8-11ee-b546-799a8dee664b,La Aurora - Estanque principal,ASSET_001,2024,11,1970-01-01 00:28:50.454120,1.89,99.24
52ae4960-c9c8-11ee-b546-799a8dee664b,La Aurora - Estanque principal,ASSET_001,2024,11,1970-01-01 00:28:50.454180,1.87,98.6
52ae4960-c9c8-11ee-b546-799a8dee664b,La Aurora - Estanque principal,ASSET_001,2024,11,1970-01-01 00:28:50.454240,1.85,97.52
52ae4960-c9c8-11ee-b546-799a8dee664b,La Aurora - Estanque principal,ASSET_001,2024,11,1970-01-01 00:28:50.454300,1.84,96.87
52ae4960-c9c8-11ee-b546-799a8dee664b,La Aurora - Estanque principal,ASSET_001,2024,11,1970-01-01 00:28:50.454360,1.82,96.01
52ae4960-c9c8-11ee-b546-799a8dee664b,La Aurora - Estanque principal,ASSET_001,2024,11,1970-01-01 00:28:50.454420,1.81,95.22
52ae4960-c9c8-11ee-b546-799a8dee664b,La Aurora - Estanque principal,ASSET_001,2024,11,1970-01-01 00:28:50.454480,1.8,94.57
52ae4960-c9c8-11ee-b546-799a8dee664b,La Aurora - Estanque principal,ASSET_001,2024,11,1970-01-01 00:28:50.454540,1.78,93.78
52ae4960-c9c8-11ee-b546-799a8dee664b,La Aurora - Estanque principal,ASSET_001,2024,11,1970-01-01 00:28:50.454600,1.77,93.06
52ae4960-c9c8-11ee-b546-799a8dee664b,La Aurora - Estanque principal,ASSET_001,2024,11,1970-01-01 00:28:50.454660,1.75,92.27
52ae4960-c9c8-11ee-b546-799a8dee664b,La Aurora - Estanque principal,ASSET_001,2024,11,1970-01-01 00:28:50.454720,1.74,91.33
52ae4960-c9c8-11ee-b546-799a8dee664b,La Aurora - Estanque principal,ASSET_001,2024,11,1970-01-01 00:28:50.454780,1.72,90.54
52ae4960-c9c8-11ee-b546-799a8dee664b,La Aurora - Estanque principal,ASSET_001,2024,11,1970-01-01 00:28:50.454840,1.71,89.75
52ae4960-c9c8-11ee-b546-799a8dee664b,La Aurora - Estanque principal,ASSET_001,2024,11,1970-01-01 00:28:50.454900,1.69,89.1
52ae4960-c9c8-11ee-b546-799a8dee664b,La Aurora - Estanque principal,ASSET_001,2024,11,1970-01-01 00:28:50.454960,1.68,88.31
52ae4960-c9c8-11ee-b546-799a8dee664b,La Aurora - Estanque principal,ASSET_001,2024,11,1970-01-01 00:28:50.455020,1.66,87.38
52ae4960-c9c8-11ee-b546-799a8dee664b,La Aurora - Estanque principal,ASSET_001,2024,11,1970-01-01 00:28:50.455080,1.65,86.88
52ae4960-c9c8-11ee-b546-799a8dee664b,La Aurora - Estanque principal,ASSET_001,2024,11,1970-01-01 00:28:50.455140,1.63,85.88
52ae4960-c9c8-11ee-b546-799a8dee664b,La Aurora - Estanque principal,ASSET_001,2024,11,1970-01-01 00:28:50.455200,1.62,85.37
52ae4960-c9c8-11ee-b546-799a8dee664b,La Aurora - Estanque principal,ASSET_001,2024,11,1970-01-01 00:28:50.455260,1.62,85.01
52ae4960-c9c8-11ee-b546-799a8dee664b,La Aurora - Estanque principal,ASSET_001,2024,11,1970-01-01 00:28:50.455320,1.61,84.79
52ae4960-c9c8-11ee-b546-799a8dee664b,La Aurora - Estanque principal,ASSET_001,2024,11,1970-01-01 00:28:50.455380,1.61,84.5
52ae4960-c9c8-11ee-b546-799a8dee664b,La Aurora - Estanque principal,ASSET_001,2024,11,1970-01-01 00:28:50.455440,1.6,84.0
52ae4960-c9c8-11ee-b546-799a8dee664b,La Aurora - Estanque principal,ASSET_001,2024,11,1970-01-01 00:28:50.455500,1.59,83.64
52ae4960-c9c8-11ee-b546-799a8dee664b,La Aurora - Estanque principal,ASSET_001,2024,11,1970-01-01 00:28:50.455560,1.58,83.28
52ae4960-c9c8-11ee-b546-799a8dee664b,La Aurora - Estanque principal,ASSET_001,2024,11,1970-01-01 00:28:50.455620,1.58,83.07
52ae4960-c9c8-11ee-b546-799a8dee664b,La Aurora - Estanque principal,ASSET_001,2024,11,1970-01-01 00:28:50.455680,1.53,80.63
52ae4960-c9c8-11ee-b546-799a8dee664b,La Aurora - Estanque principal,ASSET_001,2024,11,1970-01-01 00:28:50.455740,1.49,78.46
52ae4960-c9c8-11ee-b546-799a8dee664b,La Aurora - Estanque principal,ASSET_001,2024,11,1970-01-01 00:28:50.455800,1.48,77.67
52ae4960-c9c8-11ee-b546-799a8dee664b,La Aurora - Estanque principal,ASSET_001,2024,11,1970-01-01 00:28:50.455860,1.49,78.54
52ae4960-c9c8-11ee-b546-799a8dee664b,La Aurora - Estanque principal,ASSET_001,2024,11,1970-01-01 00:28:50.455920,1.5,79.12
52ae4960-c9c8-11ee-b546-799a8dee664b,La Aurora - Estanque principal,ASSET_001,2024,11,1970-01-01 00:28:50.455980,1.51,79.33
52ae4960-c9c8-11ee-b546-799a8dee664b,La Aurora - Estanque principal,ASSET_001,2024,11,1970-01-01 00:28:50.456040,1.52,79.84
52ae4960-c9c8-11ee-b546-799a8dee664b,La Aurora - Estanque principal,ASSET_001,2024,11,1970-01-01 00:28:50.456100,1.53,80.48
52ae4960-c9c8-11ee-b546-799a8dee664b,La Aurora - Estanque principal,ASSET_001,2024,11,1970-01-01 00:28:50.456160,1.54,80.91
52ae4960-c9c8-11ee-b546-799a8dee664b,La Aurora - Estanque principal,ASSET_001,2024,11,1970-01-01 00:28:50.456220,1.54,81.28
52ae4960-c9c8-11ee-b546-799a8dee664b,La Aurora - Estanque principal,ASSET_001,2024,11,1970-01-01 00:28:50.456280,1.56,81.85
52ae4960-c9c8-11ee-b546-799a8dee664b,La Aurora - Estanque principal,ASSET_001,2024,11,1970-01-01 00:28:50.456340,1.56,82.35
52ae4960-c9c8-11ee-b546-799a8dee664b,La Aurora - Estanque principal,ASSET_001,2024,11,1970-01-01 00:28:50.456400,1.57,82.86
52ae4960-c9c8-11ee-b546-799a8dee664b,La Aurora - Estanque principal,ASSET_001,2024,11,1970-01-01 00:28:50.456460,1.58,83.28
52ae4960-c9c8-11ee-b546-799a8dee664b,La Aurora - Estanque principal,ASSET_001,2024,11,1970-01-01 00:28:50.456520,1.59,83.86
52ae4960-c9c8-11ee-b546-799a8dee664b,La Aurora - Estanque principal,ASSET_001,2024,11,1970-01-01 00:28:50.456580,1.6,84.08
52ae4960-c9c8-11ee-b546-799a8dee664b,La Aurora - Estanque principal,ASSET_001,2024,11,1970-01-01 00:28:50.456640,1.61,84.87
52ae4960-c9c8-11ee-b546-799a8dee664b,La Aurora - Estanque principal,ASSET_001,2024,11,1970-01-01 00:28:50.456700,1.62,85.29
52ae4960-c9c8-11ee-b546-799a8dee664b,La Aurora - Estanque principal,ASSET_001,2024,11,1970-01-01 00:28:50.456760,1.63,85.73
52ae4960-c9c8-11ee-b546-799a8dee664b,La Aurora - Estanque principal,ASSET_001,2024,11,1970-01-01 00:28:50.456820,1.64,86.09
52ae4960-c9c8-11ee-b546-799a8dee664b,La Aurora - Estanque principal,ASSET_001,2024,11,1970-01-01 00:28:50.456880,1.64,86.52
52ae4960-c9c8-11ee-b546-799a8dee664b,La Aurora - Estanque principal,ASSET_001,2024,11,1970-01-01 00:28:50.456940,1.65,86.88
52ae4960-c9c8-11ee-b546-799a8dee664b,La Aurora - Estanque principal,ASSET_001,2024,11,1970-01-01 00:28:50.457000,1.66,87.24
52ae4960-c9c8-11ee-b546-799a8dee664b,La Aurora - Estanque principal,ASSET_001,2024,11,1970-01-01 00:28:50.457060,1.67,87.74
52ae4960-c9c8-11ee-b546-799a8dee664b,La Aurora - Estanque principal,ASSET_001,2024,11,1970-01-01 00:28:50.457120,1.68,88.31
52ae4960-c9c8-11ee-b546-799a8dee664b,La Aurora - Estanque principal,ASSET_001,2024,11,1970-01-01 00:28:50.457180,1.68,88.68
52ae4960-c9c8-11ee-b546-799a8dee664b,La Aurora - Estanque principal,ASSET_001,2024,11,1970-01-01 00:28:50.457240,1.69,89.18
52ae4960-c9c8-11ee-b546-799a8dee664b,La Aurora - Estanque principal,ASSET_001,2024,11,1970-01-01 00:28:50.457300,1.7,89.47
52ae4960-c9c8-11ee-b546-799a8dee664b,La Aurora - Estanque principal,ASSET_001,2024,11,1970-01-01 00:28:50.457360,1.71,90.04
52ae4960-c9c8-11ee-b546-799a8dee664b,La Aurora - Estanque principal,ASSET_001,2024,11,1970-01-01 00:28:50.457420,1.72,90.47
52ae4960-c9c8-11ee-b546-799a8dee664b,La Aurora - Estanque principal,ASSET_001,2024,11,1970-01-01 00:28:50.457480,1.73,91.05
52ae4960-c9c8-11ee-b546-799a8dee664b,La Aurora - Estanque principal,ASSET_001,2024,11,1970-01-01 00:28:50.457540,1.74,91.33
52ae4960-c9c8-11ee-b546-799a8dee664b,La Aurora - Estanque principal,ASSET_001,2024,11,1970-01-01 00:28:50.457600,1.75,91.9
52ae4960-c9c8-11ee-b546-799a8dee664b,La Aurora - Estanque principal,ASSET_001,2024,11,1970-01-01 00:28:50.457660,1.75,92.2
52ae4960-c9c8-11ee-b546-799a8dee664b,La Aurora - Estanque principal,ASSET_001,2024,11,1970-01-01 00:28:50.457720,1.76,92.84
52ae4960-c9c8-11ee-b546-799a8dee664b,La Aurora - Estanque principal,ASSET_001,2024,11,1970-01-01 00:28:50.457780,1.77,93.21
52ae4960-c9c8-11ee-b546-799a8dee664b,La Aurora - Estanque principal,ASSET_001,2024,11,1970-01-01 00:28:50.457840,1.74,91.84
52ae4960-c9c8-11ee-b546-799a8dee664b,La Aurora - Estanque principal,ASSET_001,2024,11,1970-01-01 00:28:50.457900,1.7,89.54
52ae4960-c9c8-11ee-b546-799a8dee664b,La Aurora - Estanque principal,ASSET_001,2024,11,1970-01-01 00:28:50.457960,1.66,87.24
52ae4960-c9c8-11ee-b546-799a8dee664b,La Aurora - Estanque principal,ASSET_001,2024,11,1970-01-01 00:28:50.458020,1.61,84.94
52ae4960-c9c8-11ee-b546-799a8dee664b,La Aurora - Estanque principal,ASSET_001,2024,11,1970-01-01 00:28:50.458080,1.57,82.64
52ae4960-c9c8-11ee-b546-799a8dee664b,La Aurora - Estanque principal,ASSET_001,2024,11,1970-01-01 00:28:50.458140,1.53,80.34
52ae4960-c9c8-11ee-b546-799a8dee664b,La Aurora - Estanque principal,ASSET_001,2024,11,1970-01-01 00:28:50.458200,1.5,78.83
52ae4960-c9c8-11ee-b546-799a8dee664b,La Aurora - Estanque principal,ASSET_001,2024,11,1970-01-01 00:28:50.458260,1.51,79.33
52ae4960-c9c8-11ee-b546-799a8dee664b,La Aurora - Estanque principal,ASSET_001,2024,11,1970-01-01 00:28:50.458320,1.52,80.12
52ae4960-c9c8-11ee-b546-799a8dee664b,La Aurora - Estanque principal,ASSET_001,2024,11,1970-01-01 00:28:50.458380,1.53,80.63
52ae4960-c9c8-11ee-b546-799a8dee664b,La Aurora - Estanque principal,ASSET_001,2024,11,1970-01-01 00:28:50.458440,1.54,80.98
52ae4960-c9c8-11ee-b546-799a8dee664b,La Aurora - Estanque principal,ASSET_001,2024,11,1970-01-01 00:28:50.458500,1.55,81.78
52ae4960-c9c8-11ee-b546-799a8dee664b,La Aurora - Estanque principal,ASSET_001,2024,11,1970-01-01 00:28:50.458560,1.6,84.0
52ae4960-c9c8-11ee-b546-799a8dee664b,La Aurora - Estanque principal,ASSET_001,2024,11,1970-01-01 00:28:50.458620,1.65,86.6
52ae4960-c9c8-11ee-b546-799a8dee664b,La Aurora - Estanque principal,ASSET_001,2024,11,1970-01-01 00:28:50.458680,1.69,88.82
52ae4960-c9c8-11ee-b546-799a8dee664b,La Aurora - Estanque principal,ASSET_001,2024,11,1970-01-01 00:28:50.458740,1.73,91.12
52ae4960-c9c8-11ee-b546-799a8dee664b,La Aurora - Estanque principal,ASSET_001,2024,11,1970-01-01 00:28:50.458800,1.78,93.56
52ae4960-c9c8-11ee-b546-799a8dee664b,La Aurora - Estanque principal,ASSET_001,2024,11,1970-01-01 00:28:50.458860,1.78,93.71
52ae4960-c9c8-11ee-b546-799a8dee664b,La Aurora - Estanque principal,ASSET_001,2024,11,1970-01-01 00:28:50.458920,1.77,93.13
52ae4960-c9c8-11ee-b546-799a8dee664b,La Aurora - Estanque principal,ASSET_001,2024,11,1970-01-01 00:28:50.458980,1.76,92.77
52ae4960-c9c8-11ee-b546-799a8dee664b,La Aurora - Estanque principal,ASSET_001,2024,11,1970-01-01 00:28:50.459040,1.76,92.41
52ae4960-c9c8-11ee-b546-799a8dee664b,La Aurora - Estanque principal,ASSET_001,2024,11,1970-01-01 00:28:50.459100,1.75,92.05
52ae4960-c9c8-11ee-b546-799a8dee664b,La Aurora - Estanque principal,ASSET_001,2024,11,1970-01-01 00:28:50.459160,1.74,91.84
52ae4960-c9c8-11ee-b546-799a8dee664b,La Aurora - Estanque principal,ASSET_001,2024,11,1970-01-01 00:28:50.459220,1.74,91.48
52ae4960-c9c8-11ee-b546-799a8dee664b,La Aurora - Estanque principal,ASSET_001,2024,11,1970-01-01 00:28:50.459280,1.73,90.98
52ae4960-c9c8-11ee-b546-799a8dee664b,La Aurora - Estanque principal,ASSET_001,2024,11,1970-01-01 00:28:50.459340,1.74,91.4
52ae4960-c9c8-11ee-b546-799a8dee664b,La Aurora - Estanque principal,ASSET_001,2024,11,1970-01-01 00:28:50.459400,1.75,91.98
52ae4960-c9c8-11ee-b546-799a8dee664b,La Aurora - Estanque principal,ASSET_001,2024,11,1970-01-01 00:28:50.459460,1.75,92.12
52ae4960-c9c8-11ee-b546-799a8dee664b,La Aurora - Estanque principal,ASSET_001,2024,11,1970-01-01 00:28:50.459520,1.76,92.63
52ae4960-c9c8-11ee-b546-799a8dee664b,La Aurora - Estanque principal,ASSET_001,2024,11,1970-01-01 00:28:50.459580,1.77,93.28
52ae4960-c9c8-11ee-b546-799a8dee664b,La Aurora - Estanque principal,ASSET_001,2024,11,1970-01-01 00:28:50.459640,1.78,93.49
52ae4960-c9c8-11ee-b546-799a8dee664b,La Aurora - Estanque principal,ASSET_001,2024,11,1970-01-01 00:28:50.459700,1.78,93.85
52ae4960-c9c8-11ee-b546-799a8dee664b,La Aurora - Estanque principal,ASSET_001,2024,11,1970-01-01 00:28:50.459760,1.8,94.5
52ae4960-c9c8-11ee-b546-799a8dee664b,La Aurora - Estanque principal,ASSET_001,2024,11,1970-01-01 00:28:50.459820,1.8,94.72
52ae4960-c9c8-11ee-b546-799a8dee664b,La Aurora - Estanque principal,ASSET_001,2024,11,1970-01-01 00:28:50.459880,1.81,95.29
52ae4960-c9c8-11ee-b546-799a8dee664b,La Aurora - Estanque principal,ASSET_001,2024,11,1970-01-01 00:28:50.459940,1.82,95.72
